{"id-46941":{"title":"Musician","id":46941,"publish-date":1596730045,"featured-image-url":"https:\/\/websitedemos.net\/wp-content\/uploads\/2020\/08\/musicians-02.jpg","thumbnail-image-url":"https:\/\/websitedemos.net\/wp-content\/uploads\/2020\/08\/musicians-02-600x2547.jpg","fullpage-thumbnail-image-url":"https:\/\/websitedemos.net\/wp-content\/uploads\/2020\/08\/musicians-02-400x1698.jpg","astra-site-url":"\/\/websitedemos.net\/musician-02","astra-site-parent-id":1564,"astra-sites-tag":{"339":"artist","3416":"elementor","969":"musician","1572":"performer","1571":"singer","1573":"vocalist"},"astra-sites-type":"free","astra-site-category":{"27":"business","39":"free"},"astra-sites-template-category":{"2777":"business","2869":"dj","2781":"music","2868":"musician-singer","2829":"podcast"},"astra-site-page-builder":"elementor","categories":{"2486":"art-music","3430":"dark","3427":"default","3428":"free"},"required-plugins":[{"slug":"elementor","init":"elementor\/elementor.php","name":"Elementor"},{"slug":"wpforms-lite","init":"wpforms-lite\/wpforms.php","name":"WPForms Lite"}],"post-status":"publish","post-content":"<!-- wp:paragraph -->\n<p>The Musician website template is a dark design with bold red colorway that instantly engages. It uses a shaded image background overlaid with a parallax effect to communicate, along with a biography, tour date section, latest released and lots of opportunity to engage with your fans.<\/p>\n<!-- \/wp:paragraph -->\n\n<!-- wp:paragraph -->\n<p>The design is bold and will definitely stand out. Everything is customizable though, so if black and red don\u2019t work, you can choose any color. Extra pages all reflect the core design and add more opportunities to tell your story and engage, along with a contract page to make it as easy as possible.<\/p>\n<!-- \/wp:paragraph -->\n\n<!-- wp:heading {\"UAGDay\":[]} -->\n<h2 class=\"wp-block-heading\">Key features of the Musician template<\/h2>\n<!-- \/wp:heading -->\n\n<!-- wp:list -->\n<ul><!-- wp:list-item -->\n<li>Impactful dark design with bold color<\/li>\n<!-- \/wp:list-item -->\n\n<!-- wp:list-item -->\n<li>Parallax effect with shaded image background<\/li>\n<!-- \/wp:list-item -->\n\n<!-- wp:list-item -->\n<li>Artist-related elements such as tour dates and latest releases<\/li>\n<!-- \/wp:list-item -->\n\n<!-- wp:list-item -->\n<li>Extra pages relevant to musicians<\/li>\n<!-- \/wp:list-item -->\n\n<!-- wp:list-item -->\n<li>Full compatibility with leading page builders<\/li>\n<!-- \/wp:list-item --><\/ul>\n<!-- \/wp:list -->","post-excerpt":"Dark modern web template ideal for promoting bands, DJs and musicians","pages":{"id-46947":{"title":"Home","featured-image-url":"https:\/\/websitedemos.net\/wp-content\/uploads\/2020\/08\/musicians-02.jpg","thumbnail-image-url":"https:\/\/websitedemos.net\/wp-content\/uploads\/2020\/08\/musicians-02-600x2547.jpg","astra-page-api-url":"https:\/\/websitedemos.net\/musician-02\/wp-json\/wp\/v2\/pages\/167","dynamic-page":"no","astra-page-url":"\/\/websitedemos.net\/musician-02\/","astra-sites-tag":{"423":"home","814":"homepage"},"site-pages-type":"free","site-pages-page-builder":"elementor","site-pages-category":[],"site-pages-parent-category":{"60":"business","61":"free"},"required-plugins":[{"slug":"elementor","init":"elementor\/elementor.php","name":"Elementor"}]},"id-46943":{"title":"Biography","featured-image-url":"https:\/\/websitedemos.net\/wp-content\/uploads\/2020\/08\/musician-02-biography.jpg","thumbnail-image-url":"https:\/\/websitedemos.net\/wp-content\/uploads\/2020\/08\/musician-02-biography.jpg","astra-page-api-url":"https:\/\/websitedemos.net\/musician-02\/wp-json\/wp\/v2\/pages\/294","dynamic-page":"no","astra-page-url":"\/\/websitedemos.net\/musician-02\/biography\/","astra-sites-tag":{"352":"about","1566":"biography"},"site-pages-type":"free","site-pages-page-builder":"elementor","site-pages-category":[],"site-pages-parent-category":{"60":"business","61":"free"},"required-plugins":[{"slug":"elementor","init":"elementor\/elementor.php","name":"Elementor"}]},"id-46944":{"title":"Concerts","featured-image-url":"https:\/\/websitedemos.net\/wp-content\/uploads\/2020\/08\/musician-02-concerts.jpg","thumbnail-image-url":"https:\/\/websitedemos.net\/wp-content\/uploads\/2020\/08\/musician-02-concerts.jpg","astra-page-api-url":"https:\/\/websitedemos.net\/musician-02\/wp-json\/wp\/v2\/pages\/14","dynamic-page":"no","astra-page-url":"\/\/websitedemos.net\/musician-02\/concerts\/","astra-sites-tag":{"1567":"concerts","1569":"events","1568":"shows"},"site-pages-type":"free","site-pages-page-builder":"elementor","site-pages-category":[],"site-pages-parent-category":{"60":"business","61":"free"},"required-plugins":[{"slug":"elementor","init":"elementor\/elementor.php","name":"Elementor"}]},"id-46942":{"title":"Albums","featured-image-url":"https:\/\/websitedemos.net\/wp-content\/uploads\/2020\/08\/musician-02-albums.jpg","thumbnail-image-url":"https:\/\/websitedemos.net\/wp-content\/uploads\/2020\/08\/musician-02-albums.jpg","astra-page-api-url":"https:\/\/websitedemos.net\/musician-02\/wp-json\/wp\/v2\/pages\/16","dynamic-page":"no","astra-page-url":"\/\/websitedemos.net\/musician-02\/albums\/","astra-sites-tag":{"1565":"albums","763":"discography","407":"music"},"site-pages-type":"free","site-pages-page-builder":"elementor","site-pages-category":[],"site-pages-parent-category":{"60":"business","61":"free"},"required-plugins":[{"slug":"elementor","init":"elementor\/elementor.php","name":"Elementor"}]},"id-46946":{"title":"Gallery","featured-image-url":"https:\/\/websitedemos.net\/wp-content\/uploads\/2020\/08\/musician-02-gallery.jpg","thumbnail-image-url":"https:\/\/websitedemos.net\/wp-content\/uploads\/2020\/08\/musician-02-gallery.jpg","astra-page-api-url":"https:\/\/websitedemos.net\/musician-02\/wp-json\/wp\/v2\/pages\/19","dynamic-page":"no","astra-page-url":"\/\/websitedemos.net\/musician-02\/gallery\/","astra-sites-tag":{"461":"gallery"},"site-pages-type":"free","site-pages-page-builder":"elementor","site-pages-category":[],"site-pages-parent-category":{"60":"business","61":"free"},"required-plugins":[{"slug":"elementor","init":"elementor\/elementor.php","name":"Elementor"}]},"id-46945":{"title":"Contact","featured-image-url":"https:\/\/websitedemos.net\/wp-content\/uploads\/2020\/08\/musician-02-contact.jpg","thumbnail-image-url":"https:\/\/websitedemos.net\/wp-content\/uploads\/2020\/08\/musician-02-contact.jpg","astra-page-api-url":"https:\/\/websitedemos.net\/musician-02\/wp-json\/wp\/v2\/pages\/11","dynamic-page":"no","astra-page-url":"\/\/websitedemos.net\/musician-02\/contact\/","astra-sites-tag":{"415":"contact","1009":"contact-me","896":"get-connected","377":"get-in-touch"},"site-pages-type":"free","site-pages-page-builder":"elementor","site-pages-category":[],"site-pages-parent-category":{"60":"business","61":"free"},"required-plugins":[{"slug":"elementor","init":"elementor\/elementor.php","name":"Elementor"},{"slug":"wpforms-lite","init":"wpforms-lite\/wpforms.php","name":"WPForms Lite"}]}},"related-bb-template":"","related-elementor-template":46941,"related-gutenberg-template":48611,"related_ecommerce_template":"","ecommerce_parent_template":""},"id-55517":{"title":"Portfolio &amp; CV","id":55517,"publish-date":1622060981,"featured-image-url":"https:\/\/websitedemos.net\/wp-content\/uploads\/2021\/05\/portfolio-cv-02.jpg","thumbnail-image-url":"https:\/\/websitedemos.net\/wp-content\/uploads\/2021\/05\/portfolio-cv-02-600x2614.jpg","fullpage-thumbnail-image-url":"https:\/\/websitedemos.net\/wp-content\/uploads\/2021\/05\/portfolio-cv-02-400x1742.jpg","astra-site-url":"\/\/websitedemos.net\/portfolio-02","astra-site-parent-id":2149,"astra-sites-tag":{"2151":"curriculum-vitae","2150":"cv","3416":"elementor","1903":"personal-website","444":"portfolio","2153":"resume","2152":"work-profile"},"astra-sites-type":"free","astra-site-category":{"39":"free","36":"other"},"astra-sites-template-category":{"2810":"freelance","2770":"personal","2768":"portfolio","2783":"resume"},"astra-site-page-builder":"elementor","categories":{"3427":"default","3428":"free","2488":"portfolio"},"required-plugins":[{"slug":"elementor","init":"elementor\/elementor.php","name":"Elementor"},{"slug":"wpforms-lite","init":"wpforms-lite\/wpforms.php","name":"WPForms Lite"},{"slug":"header-footer-elementor","init":"header-footer-elementor\/header-footer-elementor.php","name":"Ultimate Addons for Elementor Lite"}],"post-status":"publish","post-content":"<!-- wp:paragraph -->\n<p>The Portfolio &amp; CV website template is the perfect way to showcase yourself and your skills to potential employers. It has a professional design with calm colors, modern fonts and lots of content areas to show off your skills and experience.<\/p>\n<!-- \/wp:paragraph -->\n\n<!-- wp:paragraph -->\n<p>The template includes flexible content areas you can customize to your particular skills and showcase them in the best way possible. The template includes skills graphics and a timeline to easily communicate key still and experience. There\u2019s also an attractive portfolio and contact page to help seal the deal.<\/p>\n<!-- \/wp:paragraph -->\n\n<!-- wp:heading {\"UAGDay\":[]} -->\n<h2 class=\"wp-block-heading\">Key features of the Portfolio &amp; CV template<\/h2>\n<!-- \/wp:heading -->\n\n<!-- wp:list -->\n<ul><!-- wp:list-item -->\n<li>Professional portfolio website with CV elements<\/li>\n<!-- \/wp:list-item -->\n\n<!-- wp:list-item -->\n<li>Calm, competent design to showcase skills and experience<\/li>\n<!-- \/wp:list-item -->\n\n<!-- wp:list-item -->\n<li>Image-based portfolio, ideal for showcasing previous work<\/li>\n<!-- \/wp:list-item -->\n\n<!-- wp:list-item -->\n<li>Graphical skills and timeline elements<\/li>\n<!-- \/wp:list-item -->\n\n<!-- wp:list-item -->\n<li>Full compatibility with leading page builders<\/li>\n<!-- \/wp:list-item --><\/ul>\n<!-- \/wp:list -->","post-excerpt":"Professional web template with portfolio and CV perfect for job seekers","pages":{"id-55520":{"title":"Home","featured-image-url":"https:\/\/websitedemos.net\/wp-content\/uploads\/2021\/05\/portfolio-cv-02.jpg","thumbnail-image-url":"https:\/\/websitedemos.net\/wp-content\/uploads\/2021\/05\/portfolio-cv-02-600x2614.jpg","astra-page-api-url":"https:\/\/websitedemos.net\/portfolio-02\/wp-json\/wp\/v2\/pages\/6","dynamic-page":"no","astra-page-url":"\/\/websitedemos.net\/portfolio-02\/","astra-sites-tag":{"423":"home"},"site-pages-type":"free","site-pages-page-builder":"elementor","site-pages-category":[],"site-pages-parent-category":{"61":"free","139":"other"},"required-plugins":[{"slug":"elementor","init":"elementor\/elementor.php","name":"Elementor"}]},"id-55518":{"title":"About","featured-image-url":"https:\/\/websitedemos.net\/wp-content\/uploads\/2021\/05\/portfolio-02-about.jpg","thumbnail-image-url":"https:\/\/websitedemos.net\/wp-content\/uploads\/2021\/05\/portfolio-02-about.jpg","astra-page-api-url":"https:\/\/websitedemos.net\/portfolio-02\/wp-json\/wp\/v2\/pages\/10","dynamic-page":"no","astra-page-url":"\/\/websitedemos.net\/portfolio-02\/about\/","astra-sites-tag":{"352":"about"},"site-pages-type":"free","site-pages-page-builder":"elementor","site-pages-category":[],"site-pages-parent-category":{"61":"free","139":"other"},"required-plugins":[{"slug":"elementor","init":"elementor\/elementor.php","name":"Elementor"},{"slug":"header-footer-elementor","init":"header-footer-elementor\/header-footer-elementor.php","name":"Ultimate Addons for Elementor Lite"}]},"id-55522":{"title":"Services","featured-image-url":"https:\/\/websitedemos.net\/wp-content\/uploads\/2021\/05\/portfolio-cv-02-services.jpg","thumbnail-image-url":"https:\/\/websitedemos.net\/wp-content\/uploads\/2021\/05\/portfolio-cv-02-services-600x1103.jpg","astra-page-api-url":"https:\/\/websitedemos.net\/portfolio-02\/wp-json\/wp\/v2\/pages\/12","dynamic-page":"no","astra-page-url":"\/\/websitedemos.net\/portfolio-02\/services\/","astra-sites-tag":{"425":"services"},"site-pages-type":"free","site-pages-page-builder":"elementor","site-pages-category":[],"site-pages-parent-category":{"61":"free","139":"other"},"required-plugins":[{"slug":"elementor","init":"elementor\/elementor.php","name":"Elementor"},{"slug":"header-footer-elementor","init":"header-footer-elementor\/header-footer-elementor.php","name":"Ultimate Addons for Elementor Lite"}]},"id-55521":{"title":"Portfolio","featured-image-url":"https:\/\/websitedemos.net\/wp-content\/uploads\/2021\/05\/portfolio-02-portfolio.jpg","thumbnail-image-url":"https:\/\/websitedemos.net\/wp-content\/uploads\/2021\/05\/portfolio-02-portfolio.jpg","astra-page-api-url":"https:\/\/websitedemos.net\/portfolio-02\/wp-json\/wp\/v2\/pages\/14","dynamic-page":"no","astra-page-url":"\/\/websitedemos.net\/portfolio-02\/portfolio\/","astra-sites-tag":{"444":"portfolio","451":"work"},"site-pages-type":"free","site-pages-page-builder":"elementor","site-pages-category":[],"site-pages-parent-category":{"61":"free","139":"other"},"required-plugins":[{"slug":"elementor","init":"elementor\/elementor.php","name":"Elementor"},{"slug":"header-footer-elementor","init":"header-footer-elementor\/header-footer-elementor.php","name":"Ultimate Addons for Elementor Lite"}]},"id-55519":{"title":"Contact","featured-image-url":"https:\/\/websitedemos.net\/wp-content\/uploads\/2021\/05\/portfolio-02-contact.jpg","thumbnail-image-url":"https:\/\/websitedemos.net\/wp-content\/uploads\/2021\/05\/portfolio-02-contact.jpg","astra-page-api-url":"https:\/\/websitedemos.net\/portfolio-02\/wp-json\/wp\/v2\/pages\/16","dynamic-page":"no","astra-page-url":"\/\/websitedemos.net\/portfolio-02\/contact\/","astra-sites-tag":{"415":"contact"},"site-pages-type":"free","site-pages-page-builder":"elementor","site-pages-category":[],"site-pages-parent-category":{"61":"free","139":"other"},"required-plugins":[{"slug":"elementor","init":"elementor\/elementor.php","name":"Elementor"},{"slug":"header-footer-elementor","init":"header-footer-elementor\/header-footer-elementor.php","name":"Ultimate Addons for Elementor Lite"},{"slug":"wpforms-lite","init":"wpforms-lite\/wpforms.php","name":"WPForms Lite"}]}},"related-bb-template":"","related-elementor-template":55517,"related-gutenberg-template":55511,"related_ecommerce_template":"","ecommerce_parent_template":""},"id-49795":{"title":"Learn Oil Painting","id":49795,"publish-date":1612553999,"featured-image-url":"https:\/\/websitedemos.net\/wp-content\/uploads\/2021\/02\/learn-oil-painting-02-homepage.jpg","thumbnail-image-url":"https:\/\/websitedemos.net\/wp-content\/uploads\/2021\/02\/learn-oil-painting-02-homepage.jpg","fullpage-thumbnail-image-url":"https:\/\/websitedemos.net\/wp-content\/uploads\/2021\/02\/learn-oil-painting-02-homepage.jpg","astra-site-url":"\/\/websitedemos.net\/learn-oil-painting-02","astra-site-parent-id":1851,"astra-sites-tag":{"462":"courses","3416":"elementor","467":"learndash","975":"online-learning","720":"tutorials"},"astra-sites-type":"free","astra-site-category":{"27":"business","39":"free"},"astra-sites-template-category":{"2802":"artist","2825":"coaching","2835":"elearning","2880":"membership","2827":"online-course","2770":"personal","2873":"tutor"},"astra-site-page-builder":"elementor","categories":{"2486":"art-music","3427":"default","2494":"elearning","3428":"free"},"required-plugins":[{"slug":"elementor","init":"elementor\/elementor.php","name":"Elementor"},{"slug":"sfwd-lms","init":"sfwd-lms\/sfwd_lms.php","name":"LearnDash LMS"},{"slug":"learndash-course-grid","init":"learndash-course-grid\/learndash_course_grid.php","name":"LearnDash LMS - Course Grid"},{"slug":"wpforms-lite","init":"wpforms-lite\/wpforms.php","name":"WPForms Lite"},{"slug":"presto-player","init":"presto-player\/presto-player.php","name":"Presto Player"}],"post-status":"publish","post-content":"<!-- wp:paragraph -->\n<p>The Learn Oil Painting template is built ready for eLearning. While art is the subject here, it could easily be customized to suit any niche. It\u2019s an informative website with great colors, a mix of elegant fonts and some powerful imagery.<\/p>\n<!-- \/wp:paragraph -->\n\n<!-- wp:paragraph -->\n<p>The template includes an attractive block effect with lots of space for content and images. It has areas to outline courses, attractive course pages, a testimonials section and a selection of supplementary pages ideal for eLearning.<\/p>\n<!-- \/wp:paragraph -->\n\n<!-- wp:heading -->\n<h2>Key features of the Learn Oil Painting template<\/h2>\n<!-- \/wp:heading -->\n\n<!-- wp:list -->\n<ul><li>Informative design ideal for eLearning<\/li><li>Great use of colors and fonts<\/li><li>Course pages already made<\/li><li>Flexible content areas throughout<\/li><li>Full compatibility with leading page builders<\/li><\/ul>\n<!-- \/wp:list -->","post-excerpt":"Informative web template for online courses or eLearning businesses","pages":{"id-49799":{"title":"Home","featured-image-url":"https:\/\/websitedemos.net\/wp-content\/uploads\/2021\/02\/learn-oil-painting-02-homepage.jpg","thumbnail-image-url":"https:\/\/websitedemos.net\/wp-content\/uploads\/2021\/02\/learn-oil-painting-02-homepage.jpg","astra-page-api-url":"https:\/\/websitedemos.net\/learn-oil-painting-02\/wp-json\/wp\/v2\/pages\/6","dynamic-page":"yes","astra-page-url":"\/\/websitedemos.net\/learn-oil-painting-02\/","astra-sites-tag":{"814":"homepage"},"site-pages-type":"free","site-pages-page-builder":"elementor","site-pages-category":[],"site-pages-parent-category":{"60":"business","61":"free"},"required-plugins":[{"slug":"elementor","init":"elementor\/elementor.php","name":"Elementor"},{"slug":"sfwd-lms","init":"sfwd-lms\/sfwd_lms.php","name":"LearnDash LMS"},{"slug":"learndash-course-grid","init":"learndash-course-grid\/learndash_course_grid.php","name":"LearnDash LMS - Course Grid"}]},"id-49796":{"title":"About","featured-image-url":"https:\/\/websitedemos.net\/wp-content\/uploads\/2021\/02\/learn-oil-painting-02-about.jpg","thumbnail-image-url":"https:\/\/websitedemos.net\/wp-content\/uploads\/2021\/02\/learn-oil-painting-02-about.jpg","astra-page-api-url":"https:\/\/websitedemos.net\/learn-oil-painting-02\/wp-json\/wp\/v2\/pages\/10","dynamic-page":"no","astra-page-url":"\/\/websitedemos.net\/learn-oil-painting-02\/about\/","astra-sites-tag":{"352":"about"},"site-pages-type":"free","site-pages-page-builder":"elementor","site-pages-category":[],"site-pages-parent-category":{"60":"business","61":"free"},"required-plugins":[{"slug":"elementor","init":"elementor\/elementor.php","name":"Elementor"}]},"id-49797":{"title":"Classes","featured-image-url":"https:\/\/websitedemos.net\/wp-content\/uploads\/2021\/02\/learn-oil-painting-02-classes.jpg","thumbnail-image-url":"https:\/\/websitedemos.net\/wp-content\/uploads\/2021\/02\/learn-oil-painting-02-classes.jpg","astra-page-api-url":"https:\/\/websitedemos.net\/learn-oil-painting-02\/wp-json\/wp\/v2\/pages\/8","dynamic-page":"yes","astra-page-url":"\/\/websitedemos.net\/learn-oil-painting-02\/classes\/","astra-sites-tag":{"557":"classes"},"site-pages-type":"free","site-pages-page-builder":"elementor","site-pages-category":[],"site-pages-parent-category":{"60":"business","61":"free"},"required-plugins":[{"slug":"elementor","init":"elementor\/elementor.php","name":"Elementor"},{"slug":"sfwd-lms","init":"sfwd-lms\/sfwd_lms.php","name":"LearnDash LMS"},{"slug":"learndash-course-grid","init":"learndash-course-grid\/learndash_course_grid.php","name":"LearnDash LMS - Course Grid"}]},"id-49798":{"title":"Contact","featured-image-url":"https:\/\/websitedemos.net\/wp-content\/uploads\/2021\/02\/learn-oil-painting-02-contact.jpg","thumbnail-image-url":"https:\/\/websitedemos.net\/wp-content\/uploads\/2021\/02\/learn-oil-painting-02-contact.jpg","astra-page-api-url":"https:\/\/websitedemos.net\/learn-oil-painting-02\/wp-json\/wp\/v2\/pages\/12","dynamic-page":"no","astra-page-url":"\/\/websitedemos.net\/learn-oil-painting-02\/contact\/","astra-sites-tag":{"415":"contact"},"site-pages-type":"free","site-pages-page-builder":"elementor","site-pages-category":[],"site-pages-parent-category":{"60":"business","61":"free"},"required-plugins":[{"slug":"elementor","init":"elementor\/elementor.php","name":"Elementor"},{"slug":"wpforms-lite","init":"wpforms-lite\/wpforms.php","name":"WPForms Lite"}]}},"related-bb-template":"","related-elementor-template":49795,"related-gutenberg-template":71384,"related_ecommerce_template":"","ecommerce_parent_template":""},"id-47565":{"title":"Hairdressers and Hair Salons","id":47565,"publish-date":1600968683,"featured-image-url":"https:\/\/websitedemos.net\/wp-content\/uploads\/2020\/09\/hair-salon-04-home.jpg","thumbnail-image-url":"https:\/\/websitedemos.net\/wp-content\/uploads\/2020\/09\/hair-salon-04-home.jpg","fullpage-thumbnail-image-url":"https:\/\/websitedemos.net\/wp-content\/uploads\/2020\/09\/hair-salon-04-home.jpg","astra-site-url":"\/\/websitedemos.net\/hair-salon-04","astra-site-parent-id":1641,"astra-sites-tag":{"3416":"elementor","474":"grooming","477":"hair-care","1645":"hair-cut","1642":"hair-salon","1644":"hair-styling","1844":"premium","1646":"professional-hair-salon","1643":"styling"},"astra-sites-type":"agency-mini","astra-site-category":{"27":"business"},"astra-sites-template-category":{"2790":"beauty-fashion","2777":"business","2890":"makeup-cosmetic","2837":"salon"},"astra-site-page-builder":"elementor","categories":{"2479":"beauty","3427":"default","3434":"feminine","3429":"premium"},"required-plugins":[{"slug":"elementor","init":"elementor\/elementor.php","name":"Elementor"},{"slug":"header-footer-elementor","init":"header-footer-elementor\/header-footer-elementor.php","name":"Elementor Header & Footer Builder"},{"slug":"wpforms-lite","init":"wpforms-lite\/wpforms.php","name":"WPForms Lite"}],"post-status":"publish","post-content":"<!-- wp:paragraph -->\n<p>The Hairdresser and Hair Salon template uses fullscreen design to maximum effect, ideal for the hair and beauty niche. The homepage opens with a fullscreen image with bold headline and complementing colors before opening into attractive content areas.<\/p>\n<!-- \/wp:paragraph -->\n\n<!-- wp:paragraph -->\n<p>The colors have been well-chosen, with complementing colors throughout that create a luxury vibe without being too much. A selection of flexible content areas throughout, spaces for videos, a service list, testimonials and a booking form should be everything a hair salon needs.<\/p>\n<!-- \/wp:paragraph -->\n\n<!-- wp:heading -->\n<h2>Key features of the Hairdresser and Hair Salon template<\/h2>\n<!-- \/wp:heading -->\n\n<!-- wp:list -->\n<ul><li>Luxurious design with some very attractive elements<\/li><li>Fullscreen design that works perfectly on large and small screens<\/li><li>Space for product and service lists on homepage<\/li><li>Engaging images throughout<\/li><li>Full compatibility with leading page builders<\/li><\/ul>\n<!-- \/wp:list -->","post-excerpt":"Luxurious website template that could work for hairdressers and hair salons","pages":{"id-47567":{"title":"Home","featured-image-url":"https:\/\/websitedemos.net\/wp-content\/uploads\/2020\/09\/hair-salon-04-home.jpg","thumbnail-image-url":"https:\/\/websitedemos.net\/wp-content\/uploads\/2020\/09\/hair-salon-04-home.jpg","astra-page-api-url":"https:\/\/websitedemos.net\/hair-salon-04\/wp-json\/wp\/v2\/pages\/5","dynamic-page":"no","astra-page-url":"\/\/websitedemos.net\/hair-salon-04\/","astra-sites-tag":{"423":"home"},"site-pages-type":"agency-mini","site-pages-page-builder":"elementor","site-pages-category":[],"site-pages-parent-category":{"60":"business"},"required-plugins":[{"slug":"elementor","init":"elementor\/elementor.php","name":"Elementor"},{"slug":"header-footer-elementor","init":"header-footer-elementor\/header-footer-elementor.php","name":"Elementor Header & Footer Builder"}]},"id-47569":{"title":"Salons","featured-image-url":"https:\/\/websitedemos.net\/wp-content\/uploads\/2020\/09\/hair-salon-04-salon.jpg","thumbnail-image-url":"https:\/\/websitedemos.net\/wp-content\/uploads\/2020\/09\/hair-salon-04-salon.jpg","astra-page-api-url":"https:\/\/websitedemos.net\/hair-salon-04\/wp-json\/wp\/v2\/pages\/247","dynamic-page":"no","astra-page-url":"\/\/websitedemos.net\/hair-salon-04\/salons\/","astra-sites-tag":{"352":"about","905":"our-story","650":"salon"},"site-pages-type":"agency-mini","site-pages-page-builder":"elementor","site-pages-category":[],"site-pages-parent-category":{"60":"business"},"required-plugins":[{"slug":"elementor","init":"elementor\/elementor.php","name":"Elementor"},{"slug":"header-footer-elementor","init":"header-footer-elementor\/header-footer-elementor.php","name":"Elementor Header & Footer Builder"}]},"id-47570":{"title":"Services","featured-image-url":"https:\/\/websitedemos.net\/wp-content\/uploads\/2020\/09\/hair-salon-04-services.jpg","thumbnail-image-url":"https:\/\/websitedemos.net\/wp-content\/uploads\/2020\/09\/hair-salon-04-services.jpg","astra-page-api-url":"https:\/\/websitedemos.net\/hair-salon-04\/wp-json\/wp\/v2\/pages\/290","dynamic-page":"no","astra-page-url":"\/\/websitedemos.net\/hair-salon-04\/services\/","astra-sites-tag":{"425":"services"},"site-pages-type":"agency-mini","site-pages-page-builder":"elementor","site-pages-category":[],"site-pages-parent-category":{"60":"business"},"required-plugins":[{"slug":"elementor","init":"elementor\/elementor.php","name":"Elementor"},{"slug":"header-footer-elementor","init":"header-footer-elementor\/header-footer-elementor.php","name":"Elementor Header & Footer Builder"}]},"id-47568":{"title":"Reviews","featured-image-url":"https:\/\/websitedemos.net\/wp-content\/uploads\/2020\/09\/hair-salon-04-reviews.jpg","thumbnail-image-url":"https:\/\/websitedemos.net\/wp-content\/uploads\/2020\/09\/hair-salon-04-reviews.jpg","astra-page-api-url":"https:\/\/websitedemos.net\/hair-salon-04\/wp-json\/wp\/v2\/pages\/317","dynamic-page":"no","astra-page-url":"\/\/websitedemos.net\/hair-salon-04\/reviews\/","astra-sites-tag":{"1615":"reviews","433":"testimonials"},"site-pages-type":"agency-mini","site-pages-page-builder":"elementor","site-pages-category":[],"site-pages-parent-category":{"60":"business"},"required-plugins":[{"slug":"elementor","init":"elementor\/elementor.php","name":"Elementor"},{"slug":"header-footer-elementor","init":"header-footer-elementor\/header-footer-elementor.php","name":"Elementor Header & Footer Builder"}]},"id-47566":{"title":"Contact Us","featured-image-url":"https:\/\/websitedemos.net\/wp-content\/uploads\/2020\/09\/hair-salon-04-contact-us.jpg","thumbnail-image-url":"https:\/\/websitedemos.net\/wp-content\/uploads\/2020\/09\/hair-salon-04-contact-us.jpg","astra-page-api-url":"https:\/\/websitedemos.net\/hair-salon-04\/wp-json\/wp\/v2\/pages\/340","dynamic-page":"no","astra-page-url":"\/\/websitedemos.net\/hair-salon-04\/contact-us\/","astra-sites-tag":{"415":"contact"},"site-pages-type":"agency-mini","site-pages-page-builder":"elementor","site-pages-category":[],"site-pages-parent-category":{"60":"business"},"required-plugins":[{"slug":"elementor","init":"elementor\/elementor.php","name":"Elementor"},{"slug":"header-footer-elementor","init":"header-footer-elementor\/header-footer-elementor.php","name":"Elementor Header & Footer Builder"},{"slug":"wpforms-lite","init":"wpforms-lite\/wpforms.php","name":"WPForms Lite"}]}},"related-bb-template":"","related-elementor-template":47565,"related-gutenberg-template":86467,"related_ecommerce_template":"","ecommerce_parent_template":""},"id-54423":{"title":"Coffee Shop","id":54423,"publish-date":1621457260,"featured-image-url":"https:\/\/websitedemos.net\/wp-content\/uploads\/2021\/05\/coffee-shop-02.jpg","thumbnail-image-url":"https:\/\/websitedemos.net\/wp-content\/uploads\/2021\/05\/coffee-shop-02.jpg","fullpage-thumbnail-image-url":"https:\/\/websitedemos.net\/wp-content\/uploads\/2021\/05\/coffee-shop-02.jpg","astra-site-url":"\/\/websitedemos.net\/coffee-shop-02","astra-site-parent-id":2031,"astra-sites-tag":{"693":"cafe","2042":"cafe-bar","1527":"cafeteria","2043":"coffee-house","1575":"coffee-shop","3416":"elementor","399":"one-page","2421":"purchases","2417":"reseller","335":"restaurant","2041":"snack-bar"},"astra-sites-type":"free","astra-site-category":{"27":"business","39":"free"},"astra-sites-template-category":{"2777":"business","2785":"food","2771":"one-page","2776":"restaurant"},"astra-site-page-builder":"elementor","categories":{"3427":"default","3428":"free","2927":"one-page","2496":"restaurant-food"},"required-plugins":[{"slug":"elementor","init":"elementor\/elementor.php","name":"Elementor"},{"slug":"wpforms-lite","init":"wpforms-lite\/wpforms.php","name":"WPForms Lite"},{"slug":"header-footer-elementor","init":"header-footer-elementor\/header-footer-elementor.php","name":"Ultimate Addons for Elementor Lite"}],"post-status":"publish","post-content":"<!-- wp:paragraph -->\n<p>The Coffee Shop template is a smart modern design with a fullscreen image on the homepage that instantly communicates what the page is about. The rest of the design opens into alternating image and white backgrounds featuring content and product areas ideal for coffee shops.<\/p>\n<!-- \/wp:paragraph -->\n\n<!-- wp:paragraph -->\n<p>The rest of the template has a similarly pleasing design with customizable content areas, lots of space for images, a menu, testimonials and all the other elements a business website needs.<\/p>\n<!-- \/wp:paragraph -->\n\n<!-- wp:heading {\"UAGDay\":[]} -->\n<h2 class=\"wp-block-heading\">Key features of the Coffee Shop template<\/h2>\n<!-- \/wp:heading -->\n\n<!-- wp:list -->\n<ul><!-- wp:list-item -->\n<li>Smart modern design ideal for cafes and coffee shops<\/li>\n<!-- \/wp:list-item -->\n\n<!-- wp:list-item -->\n<li>Great balance of color, images and whitespace<\/li>\n<!-- \/wp:list-item -->\n\n<!-- wp:list-item -->\n<li>Simple but effective extra pages<\/li>\n<!-- \/wp:list-item -->\n\n<!-- wp:list-item -->\n<li>Can work with WooCommerce for online sales<\/li>\n<!-- \/wp:list-item -->\n\n<!-- wp:list-item -->\n<li>Full compatibility with leading page builders<\/li>\n<!-- \/wp:list-item --><\/ul>\n<!-- \/wp:list -->","post-excerpt":"Modern coffee shop template ideal for cafes, bistros and other businesses","pages":{"id-54424":{"title":"Home","featured-image-url":"https:\/\/websitedemos.net\/wp-content\/uploads\/2021\/05\/coffee-shop-02.jpg","thumbnail-image-url":"https:\/\/websitedemos.net\/wp-content\/uploads\/2021\/05\/coffee-shop-02.jpg","astra-page-api-url":"https:\/\/websitedemos.net\/coffee-shop-02\/wp-json\/wp\/v2\/pages\/5","dynamic-page":"no","astra-page-url":"\/\/websitedemos.net\/coffee-shop-02\/","astra-sites-tag":{"423":"home","399":"one-page","463":"single-page"},"site-pages-type":"free","site-pages-page-builder":"elementor","site-pages-category":[],"site-pages-parent-category":{"60":"business","61":"free"},"required-plugins":[{"slug":"elementor","init":"elementor\/elementor.php","name":"Elementor"},{"slug":"header-footer-elementor","init":"header-footer-elementor\/header-footer-elementor.php","name":"Ultimate Addons for Elementor Lite"},{"slug":"wpforms-lite","init":"wpforms-lite\/wpforms.php","name":"WPForms Lite"}]}},"related-bb-template":"","related-elementor-template":49457,"related-gutenberg-template":54442,"related_ecommerce_template":"","ecommerce_parent_template":""},"id-46285":{"title":"Moving Services","id":46285,"publish-date":1590081788,"featured-image-url":"https:\/\/websitedemos.net\/wp-content\/uploads\/2020\/06\/moving-services-04-home.jpg","thumbnail-image-url":"https:\/\/websitedemos.net\/wp-content\/uploads\/2020\/06\/moving-services-04-home.jpg","fullpage-thumbnail-image-url":"https:\/\/websitedemos.net\/wp-content\/uploads\/2020\/06\/moving-services-04-home.jpg","astra-site-url":"\/\/websitedemos.net\/moving-services-04","astra-site-parent-id":1530,"astra-sites-tag":{"3416":"elementor","1021":"local-business","364":"movers","365":"packers","1844":"premium","1535":"relocation","366":"transport"},"astra-sites-type":"agency-mini","astra-site-category":{"27":"business"},"astra-sites-template-category":{"2777":"business","2854":"courier","2831":"service","2806":"transportation"},"astra-site-page-builder":"elementor","categories":{"3427":"default","3429":"premium","2473":"transport"},"required-plugins":[{"slug":"elementor","init":"elementor\/elementor.php","name":"Elementor"},{"slug":"wpforms-lite","init":"wpforms-lite\/wpforms.php","name":"WPForms Lite"}],"post-status":"publish","post-content":"<!-- wp:paragraph -->\n<p>The Moving Services template delivers a bright welcome as soon as it loads. The homepage has a fullscreen header with bright colors, an engaging image and bold headline to make an instant impact.<\/p>\n<!-- \/wp:paragraph -->\n\n<!-- wp:paragraph -->\n<p>The rest of the template backs up that impact with vibrant colors, plenty of whitespace, modern fonts and lots of content areas to share your products, services and essential information. There\u2019s also a simple contact form, ready for engagement!<\/p>\n<!-- \/wp:paragraph -->\n\n<!-- wp:heading {\"UAGDay\":[]} -->\n<h2 class=\"wp-block-heading\">Key features of the Moving Services template<\/h2>\n<!-- \/wp:heading -->\n\n<!-- wp:list -->\n<ul><!-- wp:list-item -->\n<li>Impactful fullscreen header with bold image and colors<\/li>\n<!-- \/wp:list-item -->\n\n<!-- wp:list-item -->\n<li>Bright and welcoming design draws you in<\/li>\n<!-- \/wp:list-item -->\n\n<!-- wp:list-item -->\n<li>Lots of customizable content areas throughout<\/li>\n<!-- \/wp:list-item -->\n\n<!-- wp:list-item -->\n<li>Contact form on the homepage<\/li>\n<!-- \/wp:list-item -->\n\n<!-- wp:list-item -->\n<li>Full compatibility with leading page builders<\/li>\n<!-- \/wp:list-item --><\/ul>\n<!-- \/wp:list -->","post-excerpt":"Easygoing website template perfect for movers, moving companies and removals","pages":{"id-46289":{"title":"Home","featured-image-url":"https:\/\/websitedemos.net\/wp-content\/uploads\/2020\/06\/moving-services-04-home.jpg","thumbnail-image-url":"https:\/\/websitedemos.net\/wp-content\/uploads\/2020\/06\/moving-services-04-home.jpg","astra-page-api-url":"https:\/\/websitedemos.net\/moving-services-04\/wp-json\/wp\/v2\/pages\/16","dynamic-page":"no","astra-page-url":"\/\/websitedemos.net\/moving-services-04\/","astra-sites-tag":{"423":"home"},"site-pages-type":"agency-mini","site-pages-page-builder":"elementor","site-pages-category":[],"site-pages-parent-category":{"60":"business"},"required-plugins":[{"slug":"elementor","init":"elementor\/elementor.php","name":"Elementor"},{"slug":"wpforms-lite","init":"wpforms-lite\/wpforms.php","name":"WPForms Lite"}]},"id-46286":{"title":"About","featured-image-url":"https:\/\/websitedemos.net\/wp-content\/uploads\/2020\/06\/moving-services-04-about-1.jpg","thumbnail-image-url":"https:\/\/websitedemos.net\/wp-content\/uploads\/2020\/06\/moving-services-04-about-1.jpg","astra-page-api-url":"https:\/\/websitedemos.net\/moving-services-04\/wp-json\/wp\/v2\/pages\/5","dynamic-page":"no","astra-page-url":"\/\/websitedemos.net\/moving-services-04\/about\/","astra-sites-tag":{"352":"about"},"site-pages-type":"agency-mini","site-pages-page-builder":"elementor","site-pages-category":[],"site-pages-parent-category":{"60":"business"},"required-plugins":[{"slug":"elementor","init":"elementor\/elementor.php","name":"Elementor"}]},"id-46290":{"title":"Services","featured-image-url":"https:\/\/websitedemos.net\/wp-content\/uploads\/2020\/06\/moving-services-04-services-1.jpg","thumbnail-image-url":"https:\/\/websitedemos.net\/wp-content\/uploads\/2020\/06\/moving-services-04-services-1.jpg","astra-page-api-url":"https:\/\/websitedemos.net\/moving-services-04\/wp-json\/wp\/v2\/pages\/7","dynamic-page":"no","astra-page-url":"\/\/websitedemos.net\/moving-services-04\/services\/","astra-sites-tag":{"425":"services"},"site-pages-type":"agency-mini","site-pages-page-builder":"elementor","site-pages-category":[],"site-pages-parent-category":{"60":"business"},"required-plugins":[{"slug":"elementor","init":"elementor\/elementor.php","name":"Elementor"}]},"id-46291":{"title":"Testimonials","featured-image-url":"https:\/\/websitedemos.net\/wp-content\/uploads\/2020\/06\/moving-services-04-reviews.jpg","thumbnail-image-url":"https:\/\/websitedemos.net\/wp-content\/uploads\/2020\/06\/moving-services-04-reviews.jpg","astra-page-api-url":"https:\/\/websitedemos.net\/moving-services-04\/wp-json\/wp\/v2\/pages\/13","dynamic-page":"no","astra-page-url":"\/\/websitedemos.net\/moving-services-04\/testimonials\/","astra-sites-tag":{"433":"testimonials"},"site-pages-type":"agency-mini","site-pages-page-builder":"elementor","site-pages-category":[],"site-pages-parent-category":{"60":"business"},"required-plugins":[{"slug":"elementor","init":"elementor\/elementor.php","name":"Elementor"}]},"id-46288":{"title":"FAQ&#8217;s","featured-image-url":"https:\/\/websitedemos.net\/wp-content\/uploads\/2020\/06\/moving-services-04-faq.jpg","thumbnail-image-url":"https:\/\/websitedemos.net\/wp-content\/uploads\/2020\/06\/moving-services-04-faq.jpg","astra-page-api-url":"https:\/\/websitedemos.net\/moving-services-04\/wp-json\/wp\/v2\/pages\/11","dynamic-page":"no","astra-page-url":"\/\/websitedemos.net\/moving-services-04\/faqs\/","astra-sites-tag":{"426":"faq"},"site-pages-type":"agency-mini","site-pages-page-builder":"elementor","site-pages-category":[],"site-pages-parent-category":{"60":"business"},"required-plugins":[{"slug":"elementor","init":"elementor\/elementor.php","name":"Elementor"}]},"id-46287":{"title":"Contact","featured-image-url":"https:\/\/websitedemos.net\/wp-content\/uploads\/2020\/06\/moving-services-04-contact-1.jpg","thumbnail-image-url":"https:\/\/websitedemos.net\/wp-content\/uploads\/2020\/06\/moving-services-04-contact-1.jpg","astra-page-api-url":"https:\/\/websitedemos.net\/moving-services-04\/wp-json\/wp\/v2\/pages\/9","dynamic-page":"no","astra-page-url":"\/\/websitedemos.net\/moving-services-04\/contact\/","astra-sites-tag":{"415":"contact"},"site-pages-type":"agency-mini","site-pages-page-builder":"elementor","site-pages-category":[],"site-pages-parent-category":{"60":"business"},"required-plugins":[{"slug":"elementor","init":"elementor\/elementor.php","name":"Elementor"},{"slug":"wpforms-lite","init":"wpforms-lite\/wpforms.php","name":"WPForms Lite"}]}},"related-bb-template":46305,"related-elementor-template":46285,"related-gutenberg-template":86237,"related_ecommerce_template":"","ecommerce_parent_template":""},"id-46305":{"title":"Moving Services","id":46305,"publish-date":1590081787,"featured-image-url":"https:\/\/websitedemos.net\/wp-content\/uploads\/2020\/06\/moving-services-04-home-1.jpg","thumbnail-image-url":"https:\/\/websitedemos.net\/wp-content\/uploads\/2020\/06\/moving-services-04-home-1.jpg","fullpage-thumbnail-image-url":"https:\/\/websitedemos.net\/wp-content\/uploads\/2020\/06\/moving-services-04-home-1.jpg","astra-site-url":"\/\/websitedemos.net\/moving-services-03","astra-site-parent-id":1531,"astra-sites-tag":{"1021":"local-business","364":"movers","365":"packers","1535":"relocation","366":"transport"},"astra-sites-type":"agency-mini","astra-site-category":{"27":"business"},"astra-sites-template-category":[],"astra-site-page-builder":"beaver-builder","categories":{"2473":"transport"},"required-plugins":[{"slug":"beaver-builder-lite-version","init":"beaver-builder-lite-version\/fl-builder.php","name":"Beaver Builder Plugin (Lite Version)"},{"slug":"bb-ultimate-addon","init":"bb-ultimate-addon\/bb-ultimate-addon.php","name":"Ultimate Addons for Beaver Builder"},{"slug":"wpforms-lite","init":"wpforms-lite\/wpforms.php","name":"WPForms Lite"}],"post-status":"publish","post-content":"","post-excerpt":"","pages":{"id-46309":{"title":"Home","featured-image-url":"https:\/\/websitedemos.net\/wp-content\/uploads\/2020\/06\/moving-services-04-home-1.jpg","thumbnail-image-url":"https:\/\/websitedemos.net\/wp-content\/uploads\/2020\/06\/moving-services-04-home-1.jpg","astra-page-api-url":"https:\/\/websitedemos.net\/moving-services-03\/wp-json\/wp\/v2\/pages\/232","dynamic-page":"no","astra-page-url":"\/\/websitedemos.net\/moving-services-03\/","astra-sites-tag":{"423":"home"},"site-pages-type":"agency-mini","site-pages-page-builder":"beaver-builder","site-pages-category":[],"site-pages-parent-category":{"60":"business"},"required-plugins":[{"slug":"beaver-builder-lite-version","init":"beaver-builder-lite-version\/fl-builder.php","name":"Beaver Builder Plugin (Lite Version)"},{"slug":"bb-ultimate-addon","init":"bb-ultimate-addon\/bb-ultimate-addon.php","name":"Ultimate Addons for Beaver Builder"}]},"id-46306":{"title":"About","featured-image-url":"https:\/\/websitedemos.net\/wp-content\/uploads\/2020\/06\/moving-services-04-about-2.jpg","thumbnail-image-url":"https:\/\/websitedemos.net\/wp-content\/uploads\/2020\/06\/moving-services-04-about-2.jpg","astra-page-api-url":"https:\/\/websitedemos.net\/moving-services-03\/wp-json\/wp\/v2\/pages\/234","dynamic-page":"no","astra-page-url":"\/\/websitedemos.net\/moving-services-03\/about\/","astra-sites-tag":{"352":"about"},"site-pages-type":"agency-mini","site-pages-page-builder":"beaver-builder","site-pages-category":[],"site-pages-parent-category":{"60":"business"},"required-plugins":[{"slug":"beaver-builder-lite-version","init":"beaver-builder-lite-version\/fl-builder.php","name":"Beaver Builder Plugin (Lite Version)"},{"slug":"bb-ultimate-addon","init":"bb-ultimate-addon\/bb-ultimate-addon.php","name":"Ultimate Addons for Beaver Builder"}]},"id-46310":{"title":"Services","featured-image-url":"https:\/\/websitedemos.net\/wp-content\/uploads\/2020\/06\/moving-services-04-services-2.jpg","thumbnail-image-url":"https:\/\/websitedemos.net\/wp-content\/uploads\/2020\/06\/moving-services-04-services-2.jpg","astra-page-api-url":"https:\/\/websitedemos.net\/moving-services-03\/wp-json\/wp\/v2\/pages\/235","dynamic-page":"no","astra-page-url":"\/\/websitedemos.net\/moving-services-03\/services\/","astra-sites-tag":{"425":"services"},"site-pages-type":"agency-mini","site-pages-page-builder":"beaver-builder","site-pages-category":[],"site-pages-parent-category":{"60":"business"},"required-plugins":[{"slug":"beaver-builder-lite-version","init":"beaver-builder-lite-version\/fl-builder.php","name":"Beaver Builder Plugin (Lite Version)"},{"slug":"bb-ultimate-addon","init":"bb-ultimate-addon\/bb-ultimate-addon.php","name":"Ultimate Addons for Beaver Builder"}]},"id-46311":{"title":"Testimonials","featured-image-url":"https:\/\/websitedemos.net\/wp-content\/uploads\/2020\/06\/moving-services-04-testimonials-1.jpg","thumbnail-image-url":"https:\/\/websitedemos.net\/wp-content\/uploads\/2020\/06\/moving-services-04-testimonials-1.jpg","astra-page-api-url":"https:\/\/websitedemos.net\/moving-services-03\/wp-json\/wp\/v2\/pages\/236","dynamic-page":"no","astra-page-url":"\/\/websitedemos.net\/moving-services-03\/testimonials\/","astra-sites-tag":{"433":"testimonials"},"site-pages-type":"agency-mini","site-pages-page-builder":"beaver-builder","site-pages-category":[],"site-pages-parent-category":{"60":"business"},"required-plugins":[{"slug":"beaver-builder-lite-version","init":"beaver-builder-lite-version\/fl-builder.php","name":"Beaver Builder Plugin (Lite Version)"},{"slug":"bb-ultimate-addon","init":"bb-ultimate-addon\/bb-ultimate-addon.php","name":"Ultimate Addons for Beaver Builder"}]},"id-46308":{"title":"FAQ&#8217;s","featured-image-url":"https:\/\/websitedemos.net\/wp-content\/uploads\/2020\/06\/moving-services-04-faq-1.jpg","thumbnail-image-url":"https:\/\/websitedemos.net\/wp-content\/uploads\/2020\/06\/moving-services-04-faq-1.jpg","astra-page-api-url":"https:\/\/websitedemos.net\/moving-services-03\/wp-json\/wp\/v2\/pages\/237","dynamic-page":"no","astra-page-url":"\/\/websitedemos.net\/moving-services-03\/faqs\/","astra-sites-tag":{"426":"faq"},"site-pages-type":"agency-mini","site-pages-page-builder":"beaver-builder","site-pages-category":[],"site-pages-parent-category":{"60":"business"},"required-plugins":[{"slug":"beaver-builder-lite-version","init":"beaver-builder-lite-version\/fl-builder.php","name":"Beaver Builder Plugin (Lite Version)"},{"slug":"bb-ultimate-addon","init":"bb-ultimate-addon\/bb-ultimate-addon.php","name":"Ultimate Addons for Beaver Builder"}]},"id-46307":{"title":"Contact","featured-image-url":"https:\/\/websitedemos.net\/wp-content\/uploads\/2020\/06\/moving-services-04-contact-2.jpg","thumbnail-image-url":"https:\/\/websitedemos.net\/wp-content\/uploads\/2020\/06\/moving-services-04-contact-2.jpg","astra-page-api-url":"https:\/\/websitedemos.net\/moving-services-03\/wp-json\/wp\/v2\/pages\/238","dynamic-page":"no","astra-page-url":"\/\/websitedemos.net\/moving-services-03\/contact\/","astra-sites-tag":{"415":"contact"},"site-pages-type":"agency-mini","site-pages-page-builder":"beaver-builder","site-pages-category":[],"site-pages-parent-category":{"60":"business"},"required-plugins":[{"slug":"beaver-builder-lite-version","init":"beaver-builder-lite-version\/fl-builder.php","name":"Beaver Builder Plugin (Lite Version)"},{"slug":"bb-ultimate-addon","init":"bb-ultimate-addon\/bb-ultimate-addon.php","name":"Ultimate Addons for Beaver Builder"},{"slug":"wpforms-lite","init":"wpforms-lite\/wpforms.php","name":"WPForms Lite"}]}},"related-bb-template":"","related-elementor-template":"","related-gutenberg-template":"","related_ecommerce_template":"","ecommerce_parent_template":""},"id-49412":{"title":"Bike Modification","id":49412,"publish-date":1608714973,"featured-image-url":"https:\/\/websitedemos.net\/wp-content\/uploads\/2020\/12\/bike-modification-04.jpg","thumbnail-image-url":"https:\/\/websitedemos.net\/wp-content\/uploads\/2020\/12\/bike-modification-04.jpg","fullpage-thumbnail-image-url":"https:\/\/websitedemos.net\/wp-content\/uploads\/2020\/12\/bike-modification-04.jpg","astra-site-url":"\/\/websitedemos.net\/bike-modification-04","astra-site-parent-id":1829,"astra-sites-tag":{"1831":"automobile","1830":"bike-modification","1832":"custom-bikes","3416":"elementor","1844":"premium","667":"repair-shop"},"astra-sites-type":"agency-mini","astra-site-category":{"27":"business"},"astra-sites-template-category":{"2800":"car-automotive","2777":"business","2768":"portfolio"},"astra-site-page-builder":"elementor","categories":{"2475":"automotive","3430":"dark","3427":"default","3429":"premium"},"required-plugins":[{"slug":"elementor","init":"elementor\/elementor.php","name":"Elementor"},{"slug":"wpforms-lite","init":"wpforms-lite\/wpforms.php","name":"WPForms Lite"},{"slug":"header-footer-elementor","init":"header-footer-elementor\/header-footer-elementor.php","name":"Elementor Header & Footer Builder"}],"post-status":"publish","post-content":"<!-- wp:paragraph -->\n<p>The Bike Modification template is bold. It\u2019s a dark design with a strong green contrast color and full screen image header. It\u2019s not afraid to make a statement and is ideal for the target market.<\/p>\n<!-- \/wp:paragraph -->\n\n<!-- wp:paragraph -->\n<p>The template includes lots of content areas to share products and services, some animations, graphics, a gallery and testimonials section, ideal for a business looking to expand its reach. The template also comes with extra pages already designed, ready to promote your business.<\/p>\n<!-- \/wp:paragraph -->\n\n<!-- wp:heading -->\n<h2>Key features of the Bike Modification template<\/h2>\n<!-- \/wp:heading -->\n\n<!-- wp:list -->\n<ul><!-- wp:list-item -->\n<li>Bold dark design not afraid to stand out<\/li>\n<!-- \/wp:list-item -->\n\n<!-- wp:list-item -->\n<li>Bright contrast color to draw you in<\/li>\n<!-- \/wp:list-item -->\n\n<!-- wp:list-item -->\n<li>Excellent content areas ideal for the niche<\/li>\n<!-- \/wp:list-item -->\n\n<!-- wp:list-item -->\n<li>Extra pages reflect the homepage design<\/li>\n<!-- \/wp:list-item -->\n\n<!-- wp:list-item -->\n<li>Full compatibility with leading page builders<\/li>\n<!-- \/wp:list-item --><\/ul>\n<!-- \/wp:list -->","post-excerpt":"Daring dark web template ideal for motorcycles, bike customizers and enthusiasts","pages":{"id-49415":{"title":"Home","featured-image-url":"https:\/\/websitedemos.net\/wp-content\/uploads\/2020\/12\/bike-modification-04.jpg","thumbnail-image-url":"https:\/\/websitedemos.net\/wp-content\/uploads\/2020\/12\/bike-modification-04.jpg","astra-page-api-url":"https:\/\/websitedemos.net\/bike-modification-04\/wp-json\/wp\/v2\/pages\/17","dynamic-page":"no","astra-page-url":"\/\/websitedemos.net\/bike-modification-04\/","astra-sites-tag":{"423":"home"},"site-pages-type":"agency-mini","site-pages-page-builder":"elementor","site-pages-category":[],"site-pages-parent-category":{"60":"business"},"required-plugins":[{"slug":"elementor","init":"elementor\/elementor.php","name":"Elementor"},{"slug":"header-footer-elementor","init":"header-footer-elementor\/header-footer-elementor.php","name":"Elementor Header & Footer Builder"}]},"id-49418":{"title":"Works","featured-image-url":"https:\/\/websitedemos.net\/wp-content\/uploads\/2020\/12\/bike-modification-04-works.jpg","thumbnail-image-url":"https:\/\/websitedemos.net\/wp-content\/uploads\/2020\/12\/bike-modification-04-works.jpg","astra-page-api-url":"https:\/\/websitedemos.net\/bike-modification-04\/wp-json\/wp\/v2\/pages\/408","dynamic-page":"no","astra-page-url":"\/\/websitedemos.net\/bike-modification-04\/works\/","astra-sites-tag":{"997":"our-work","444":"portfolio","451":"work"},"site-pages-type":"agency-mini","site-pages-page-builder":"elementor","site-pages-category":[],"site-pages-parent-category":{"60":"business"},"required-plugins":[{"slug":"elementor","init":"elementor\/elementor.php","name":"Elementor"},{"slug":"header-footer-elementor","init":"header-footer-elementor\/header-footer-elementor.php","name":"Elementor Header & Footer Builder"}]},"id-49416":{"title":"Services","featured-image-url":"https:\/\/websitedemos.net\/wp-content\/uploads\/2020\/12\/bike-modification-04-services.jpg","thumbnail-image-url":"https:\/\/websitedemos.net\/wp-content\/uploads\/2020\/12\/bike-modification-04-services.jpg","astra-page-api-url":"https:\/\/websitedemos.net\/bike-modification-04\/wp-json\/wp\/v2\/pages\/568","dynamic-page":"no","astra-page-url":"\/\/websitedemos.net\/bike-modification-04\/services\/","astra-sites-tag":{"425":"services"},"site-pages-type":"agency-mini","site-pages-page-builder":"elementor","site-pages-category":[],"site-pages-parent-category":{"60":"business"},"required-plugins":[{"slug":"elementor","init":"elementor\/elementor.php","name":"Elementor"},{"slug":"header-footer-elementor","init":"header-footer-elementor\/header-footer-elementor.php","name":"Elementor Header & Footer Builder"}]},"id-49413":{"title":"About Us","featured-image-url":"https:\/\/websitedemos.net\/wp-content\/uploads\/2020\/12\/bike-modification-04-about-us.jpg","thumbnail-image-url":"https:\/\/websitedemos.net\/wp-content\/uploads\/2020\/12\/bike-modification-04-about-us.jpg","astra-page-api-url":"https:\/\/websitedemos.net\/bike-modification-04\/wp-json\/wp\/v2\/pages\/896","dynamic-page":"no","astra-page-url":"\/\/websitedemos.net\/bike-modification-04\/about-us\/","astra-sites-tag":{"352":"about"},"site-pages-type":"agency-mini","site-pages-page-builder":"elementor","site-pages-category":[],"site-pages-parent-category":{"60":"business"},"required-plugins":[{"slug":"elementor","init":"elementor\/elementor.php","name":"Elementor"},{"slug":"header-footer-elementor","init":"header-footer-elementor\/header-footer-elementor.php","name":"Elementor Header & Footer Builder"}]},"id-49417":{"title":"Testimonial","featured-image-url":"https:\/\/websitedemos.net\/wp-content\/uploads\/2020\/12\/bike-modification-04-testimonial.jpg","thumbnail-image-url":"https:\/\/websitedemos.net\/wp-content\/uploads\/2020\/12\/bike-modification-04-testimonial.jpg","astra-page-api-url":"https:\/\/websitedemos.net\/bike-modification-04\/wp-json\/wp\/v2\/pages\/655","dynamic-page":"no","astra-page-url":"\/\/websitedemos.net\/bike-modification-04\/testimonial\/","astra-sites-tag":{"433":"testimonials"},"site-pages-type":"agency-mini","site-pages-page-builder":"elementor","site-pages-category":[],"site-pages-parent-category":{"60":"business"},"required-plugins":[{"slug":"elementor","init":"elementor\/elementor.php","name":"Elementor"},{"slug":"header-footer-elementor","init":"header-footer-elementor\/header-footer-elementor.php","name":"Elementor Header & Footer Builder"}]},"id-49414":{"title":"Contact","featured-image-url":"https:\/\/websitedemos.net\/wp-content\/uploads\/2020\/12\/bike-modification-04-contact.jpg","thumbnail-image-url":"https:\/\/websitedemos.net\/wp-content\/uploads\/2020\/12\/bike-modification-04-contact.jpg","astra-page-api-url":"https:\/\/websitedemos.net\/bike-modification-04\/wp-json\/wp\/v2\/pages\/782","dynamic-page":"no","astra-page-url":"\/\/websitedemos.net\/bike-modification-04\/contact\/","astra-sites-tag":{"415":"contact"},"site-pages-type":"agency-mini","site-pages-page-builder":"elementor","site-pages-category":[],"site-pages-parent-category":{"60":"business"},"required-plugins":[{"slug":"elementor","init":"elementor\/elementor.php","name":"Elementor"},{"slug":"header-footer-elementor","init":"header-footer-elementor\/header-footer-elementor.php","name":"Elementor Header & Footer Builder"},{"slug":"wpforms-lite","init":"wpforms-lite\/wpforms.php","name":"WPForms Lite"}]}},"related-bb-template":"","related-elementor-template":49412,"related-gutenberg-template":86665,"related_ecommerce_template":"","ecommerce_parent_template":""},"id-45466":{"title":"Co-Working Space","id":45466,"publish-date":1584036009,"featured-image-url":"https:\/\/websitedemos.net\/wp-content\/uploads\/2020\/03\/co-working-space-04.jpg","thumbnail-image-url":"https:\/\/websitedemos.net\/wp-content\/uploads\/2020\/03\/co-working-space-04.jpg","fullpage-thumbnail-image-url":"https:\/\/websitedemos.net\/wp-content\/uploads\/2020\/03\/co-working-space-04.jpg","astra-site-url":"\/\/websitedemos.net\/co-working-space-04","astra-site-parent-id":1443,"astra-sites-tag":{"692":"business","694":"co-working-place","695":"collaboration","1453":"coworking-space","3416":"elementor","1844":"premium","691":"work-place"},"astra-sites-type":"agency-mini","astra-site-category":{"27":"business"},"astra-sites-template-category":{"2777":"business"},"astra-site-page-builder":"elementor","categories":{"2487":"agency","3427":"default","3429":"premium"},"required-plugins":[{"slug":"astra-widgets","init":"astra-widgets\/astra-widgets.php","name":"Astra Widgets"},{"slug":"elementor","init":"elementor\/elementor.php","name":"Elementor"},{"slug":"header-footer-elementor","init":"header-footer-elementor\/header-footer-elementor.php","name":"Elementor Header & Footer Builder"},{"slug":"wpforms-lite","init":"wpforms-lite\/wpforms.php","name":"WPForms Lite"}],"post-status":"publish","post-content":"<!-- wp:paragraph -->\n<p>The Co-Working Space website template is cool, contemporary and communicative. Exactly what you need from a business website. It\u2019s colorful, with a full screen header on the homepage and uses modern fonts, shaded backgrounds and nice graphics to elevate the experience.<\/p>\n<!-- \/wp:paragraph -->\n\n<!-- wp:paragraph -->\n<p>The template includes lots of areas for sharing products and services, a gallery for showcasing the building and amenities and an attractive pricing section. Supplementary pages are all geared around co-working and deliver readymade pages to customize.<\/p>\n<!-- \/wp:paragraph -->\n\n<!-- wp:heading -->\n<h2>Key features of the Co-Working Space template<\/h2>\n<!-- \/wp:heading -->\n\n<!-- wp:list -->\n<ul><li>Communicative design with a modern touch<\/li><li>Vibrant colors create engagement<\/li><li>Flexible content areas to showcase products and services<\/li><li>Gallery option to show and tell<\/li><li>Full compatibility with leading page builders<\/li><\/ul>\n<!-- \/wp:list -->","post-excerpt":"Contemporary, colorful web template for modern businesses of all kinds","pages":{"id-45469":{"title":"Home","featured-image-url":"https:\/\/websitedemos.net\/wp-content\/uploads\/2020\/03\/co-working-space-04.jpg","thumbnail-image-url":"https:\/\/websitedemos.net\/wp-content\/uploads\/2020\/03\/co-working-space-04.jpg","astra-page-api-url":"https:\/\/websitedemos.net\/co-working-space-04\/wp-json\/wp\/v2\/pages\/5","dynamic-page":"no","astra-page-url":"\/\/websitedemos.net\/co-working-space-04\/","astra-sites-tag":{"423":"home"},"site-pages-type":"agency-mini","site-pages-page-builder":"elementor","site-pages-category":[],"site-pages-parent-category":{"60":"business"},"required-plugins":[{"slug":"astra-widgets","init":"astra-widgets\/astra-widgets.php","name":"Astra Widgets"},{"slug":"elementor","init":"elementor\/elementor.php","name":"Elementor"},{"slug":"header-footer-elementor","init":"header-footer-elementor\/header-footer-elementor.php","name":"Elementor Header & Footer Builder"}]},"id-45467":{"title":"About Us","featured-image-url":"https:\/\/websitedemos.net\/wp-content\/uploads\/2020\/03\/co-working-space-04-about-us.jpg","thumbnail-image-url":"https:\/\/websitedemos.net\/wp-content\/uploads\/2020\/03\/co-working-space-04-about-us.jpg","astra-page-api-url":"https:\/\/websitedemos.net\/co-working-space-04\/wp-json\/wp\/v2\/pages\/12","dynamic-page":"no","astra-page-url":"\/\/websitedemos.net\/co-working-space-04\/about-us\/","astra-sites-tag":{"352":"about"},"site-pages-type":"agency-mini","site-pages-page-builder":"elementor","site-pages-category":[],"site-pages-parent-category":{"60":"business"},"required-plugins":[{"slug":"astra-widgets","init":"astra-widgets\/astra-widgets.php","name":"Astra Widgets"},{"slug":"elementor","init":"elementor\/elementor.php","name":"Elementor"},{"slug":"header-footer-elementor","init":"header-footer-elementor\/header-footer-elementor.php","name":"Elementor Header & Footer Builder"}]},"id-45471":{"title":"Workspace","featured-image-url":"https:\/\/websitedemos.net\/wp-content\/uploads\/2020\/03\/co-working-space-04-workspace.jpg","thumbnail-image-url":"https:\/\/websitedemos.net\/wp-content\/uploads\/2020\/03\/co-working-space-04-workspace.jpg","astra-page-api-url":"https:\/\/websitedemos.net\/co-working-space-04\/wp-json\/wp\/v2\/pages\/14","dynamic-page":"no","astra-page-url":"\/\/websitedemos.net\/co-working-space-04\/workspace\/","astra-sites-tag":{"451":"work","1444":"workspace"},"site-pages-type":"agency-mini","site-pages-page-builder":"elementor","site-pages-category":[],"site-pages-parent-category":{"60":"business"},"required-plugins":[{"slug":"astra-widgets","init":"astra-widgets\/astra-widgets.php","name":"Astra Widgets"},{"slug":"elementor","init":"elementor\/elementor.php","name":"Elementor"},{"slug":"header-footer-elementor","init":"header-footer-elementor\/header-footer-elementor.php","name":"Elementor Header & Footer Builder"}]},"id-45470":{"title":"Pricing","featured-image-url":"https:\/\/websitedemos.net\/wp-content\/uploads\/2020\/03\/co-working-space-04-pricing-pro.jpg","thumbnail-image-url":"https:\/\/websitedemos.net\/wp-content\/uploads\/2020\/03\/co-working-space-04-pricing-pro.jpg","astra-page-api-url":"https:\/\/websitedemos.net\/co-working-space-04\/wp-json\/wp\/v2\/pages\/20","dynamic-page":"no","astra-page-url":"\/\/websitedemos.net\/co-working-space-04\/pricing\/","astra-sites-tag":{"585":"pricing"},"site-pages-type":"agency-mini","site-pages-page-builder":"elementor","site-pages-category":[],"site-pages-parent-category":{"60":"business"},"required-plugins":[{"slug":"astra-widgets","init":"astra-widgets\/astra-widgets.php","name":"Astra Widgets"},{"slug":"elementor","init":"elementor\/elementor.php","name":"Elementor"},{"slug":"header-footer-elementor","init":"header-footer-elementor\/header-footer-elementor.php","name":"Elementor Header & Footer Builder"}]},"id-45468":{"title":"Contact","featured-image-url":"https:\/\/websitedemos.net\/wp-content\/uploads\/2020\/03\/co-working-space-04-contact-pro.jpg","thumbnail-image-url":"https:\/\/websitedemos.net\/wp-content\/uploads\/2020\/03\/co-working-space-04-contact-pro.jpg","astra-page-api-url":"https:\/\/websitedemos.net\/co-working-space-04\/wp-json\/wp\/v2\/pages\/10","dynamic-page":"no","astra-page-url":"\/\/websitedemos.net\/co-working-space-04\/contact\/","astra-sites-tag":{"415":"contact"},"site-pages-type":"agency-mini","site-pages-page-builder":"elementor","site-pages-category":[],"site-pages-parent-category":{"60":"business"},"required-plugins":[{"slug":"astra-widgets","init":"astra-widgets\/astra-widgets.php","name":"Astra Widgets"},{"slug":"elementor","init":"elementor\/elementor.php","name":"Elementor"},{"slug":"header-footer-elementor","init":"header-footer-elementor\/header-footer-elementor.php","name":"Elementor Header & Footer Builder"},{"slug":"wpforms-lite","init":"wpforms-lite\/wpforms.php","name":"WPForms Lite"}]}},"related-bb-template":45483,"related-elementor-template":45466,"related-gutenberg-template":85983,"related_ecommerce_template":"","ecommerce_parent_template":""},"id-45483":{"title":"Co-Working Space","id":45483,"publish-date":1585154177,"featured-image-url":"https:\/\/websitedemos.net\/wp-content\/uploads\/2020\/03\/co-working-space-03-home.jpg","thumbnail-image-url":"https:\/\/websitedemos.net\/wp-content\/uploads\/2020\/03\/co-working-space-03-home.jpg","fullpage-thumbnail-image-url":"https:\/\/websitedemos.net\/wp-content\/uploads\/2020\/03\/co-working-space-03-home.jpg","astra-site-url":"\/\/websitedemos.net\/co-working-space-03","astra-site-parent-id":1445,"astra-sites-tag":{"692":"business","694":"co-working-place","695":"collaboration","1453":"coworking-space","691":"work-place"},"astra-sites-type":"agency-mini","astra-site-category":{"27":"business"},"astra-sites-template-category":[],"astra-site-page-builder":"beaver-builder","categories":{"2487":"agency"},"required-plugins":[{"slug":"beaver-builder-lite-version","init":"beaver-builder-lite-version\/fl-builder.php","name":"Beaver Builder Plugin (Lite Version)"},{"slug":"bb-ultimate-addon","init":"bb-ultimate-addon\/bb-ultimate-addon.php","name":"Ultimate Addons for Beaver Builder"},{"slug":"wpforms-lite","init":"wpforms-lite\/wpforms.php","name":"WPForms Lite"}],"post-status":"publish","post-content":"","post-excerpt":"","pages":{"id-45486":{"title":"Home","featured-image-url":"https:\/\/websitedemos.net\/wp-content\/uploads\/2020\/03\/co-working-space-03-home.jpg","thumbnail-image-url":"https:\/\/websitedemos.net\/wp-content\/uploads\/2020\/03\/co-working-space-03-home.jpg","astra-page-api-url":"https:\/\/websitedemos.net\/co-working-space-03\/wp-json\/wp\/v2\/pages\/476","dynamic-page":"no","astra-page-url":"\/\/websitedemos.net\/co-working-space-03\/","astra-sites-tag":{"423":"home"},"site-pages-type":"agency-mini","site-pages-page-builder":"beaver-builder","site-pages-category":[],"site-pages-parent-category":{"60":"business"},"required-plugins":[{"slug":"beaver-builder-lite-version","init":"beaver-builder-lite-version\/fl-builder.php","name":"Beaver Builder Plugin (Lite Version)"},{"slug":"bb-ultimate-addon","init":"bb-ultimate-addon\/bb-ultimate-addon.php","name":"Ultimate Addons for Beaver Builder"}]},"id-45484":{"title":"About Us","featured-image-url":"https:\/\/websitedemos.net\/wp-content\/uploads\/2020\/03\/co-working-space-03-about.jpg","thumbnail-image-url":"https:\/\/websitedemos.net\/wp-content\/uploads\/2020\/03\/co-working-space-03-about.jpg","astra-page-api-url":"https:\/\/websitedemos.net\/co-working-space-03\/wp-json\/wp\/v2\/pages\/478","dynamic-page":"no","astra-page-url":"\/\/websitedemos.net\/co-working-space-03\/about-us\/","astra-sites-tag":{"352":"about"},"site-pages-type":"agency-mini","site-pages-page-builder":"beaver-builder","site-pages-category":[],"site-pages-parent-category":{"60":"business"},"required-plugins":[{"slug":"beaver-builder-lite-version","init":"beaver-builder-lite-version\/fl-builder.php","name":"Beaver Builder Plugin (Lite Version)"},{"slug":"bb-ultimate-addon","init":"bb-ultimate-addon\/bb-ultimate-addon.php","name":"Ultimate Addons for Beaver Builder"}]},"id-45488":{"title":"Workspace","featured-image-url":"https:\/\/websitedemos.net\/wp-content\/uploads\/2020\/03\/co-working-space-03-workspace.jpg","thumbnail-image-url":"https:\/\/websitedemos.net\/wp-content\/uploads\/2020\/03\/co-working-space-03-workspace.jpg","astra-page-api-url":"https:\/\/websitedemos.net\/co-working-space-03\/wp-json\/wp\/v2\/pages\/479","dynamic-page":"no","astra-page-url":"\/\/websitedemos.net\/co-working-space-03\/workspace\/","astra-sites-tag":{"451":"work","1444":"workspace"},"site-pages-type":"agency-mini","site-pages-page-builder":"beaver-builder","site-pages-category":[],"site-pages-parent-category":{"60":"business"},"required-plugins":[{"slug":"beaver-builder-lite-version","init":"beaver-builder-lite-version\/fl-builder.php","name":"Beaver Builder Plugin (Lite Version)"},{"slug":"bb-ultimate-addon","init":"bb-ultimate-addon\/bb-ultimate-addon.php","name":"Ultimate Addons for Beaver Builder"}]},"id-45487":{"title":"Pricing","featured-image-url":"https:\/\/websitedemos.net\/wp-content\/uploads\/2020\/03\/co-working-space-03-pricing.jpg","thumbnail-image-url":"https:\/\/websitedemos.net\/wp-content\/uploads\/2020\/03\/co-working-space-03-pricing.jpg","astra-page-api-url":"https:\/\/websitedemos.net\/co-working-space-03\/wp-json\/wp\/v2\/pages\/480","dynamic-page":"no","astra-page-url":"\/\/websitedemos.net\/co-working-space-03\/pricing\/","astra-sites-tag":{"585":"pricing"},"site-pages-type":"agency-mini","site-pages-page-builder":"beaver-builder","site-pages-category":[],"site-pages-parent-category":{"60":"business"},"required-plugins":[{"slug":"beaver-builder-lite-version","init":"beaver-builder-lite-version\/fl-builder.php","name":"Beaver Builder Plugin (Lite Version)"},{"slug":"bb-ultimate-addon","init":"bb-ultimate-addon\/bb-ultimate-addon.php","name":"Ultimate Addons for Beaver Builder"}]},"id-45485":{"title":"Contact","featured-image-url":"https:\/\/websitedemos.net\/wp-content\/uploads\/2020\/03\/co-working-space-03-contact.jpg","thumbnail-image-url":"https:\/\/websitedemos.net\/wp-content\/uploads\/2020\/03\/co-working-space-03-contact.jpg","astra-page-api-url":"https:\/\/websitedemos.net\/co-working-space-03\/wp-json\/wp\/v2\/pages\/481","dynamic-page":"no","astra-page-url":"\/\/websitedemos.net\/co-working-space-03\/contact\/","astra-sites-tag":{"415":"contact"},"site-pages-type":"agency-mini","site-pages-page-builder":"beaver-builder","site-pages-category":[],"site-pages-parent-category":{"60":"business"},"required-plugins":[{"slug":"beaver-builder-lite-version","init":"beaver-builder-lite-version\/fl-builder.php","name":"Beaver Builder Plugin (Lite Version)"},{"slug":"bb-ultimate-addon","init":"bb-ultimate-addon\/bb-ultimate-addon.php","name":"Ultimate Addons for Beaver Builder"},{"slug":"wpforms-lite","init":"wpforms-lite\/wpforms.php","name":"WPForms Lite"}]}},"related-bb-template":"","related-elementor-template":"","related-gutenberg-template":"","related_ecommerce_template":"","ecommerce_parent_template":""},"id-47052":{"title":"Elderly Home","id":47052,"publish-date":1597077645,"featured-image-url":"https:\/\/websitedemos.net\/wp-content\/uploads\/2020\/08\/elderly-care-02.jpg","thumbnail-image-url":"https:\/\/websitedemos.net\/wp-content\/uploads\/2020\/08\/elderly-care-02.jpg","fullpage-thumbnail-image-url":"https:\/\/websitedemos.net\/wp-content\/uploads\/2020\/08\/elderly-care-02.jpg","astra-site-url":"\/\/websitedemos.net\/elderly-care-02","astra-site-parent-id":1593,"astra-sites-tag":{"1598":"assisted-living-facility","1596":"elder-home","1595":"elders-care","3416":"elementor","1594":"old-age-home","1597":"retirement-home"},"astra-sites-type":"free","astra-site-category":{"36":"other"},"astra-sites-template-category":{"2777":"business","2872":"donation-fundraiser","2834":"healthcare","2871":"ngo"},"astra-site-page-builder":"elementor","categories":{"3427":"default","3428":"free","2492":"non-profit"},"required-plugins":[{"slug":"elementor","init":"elementor\/elementor.php","name":"Elementor"},{"slug":"header-footer-elementor","init":"header-footer-elementor\/header-footer-elementor.php","name":"Ultimate Addons for Elementor Lite"},{"slug":"wpforms-lite","init":"wpforms-lite\/wpforms.php","name":"WPForms Lite"}],"post-status":"publish","post-content":"<!-- wp:paragraph -->\n<p>The Elderly Home template has a friendly feel with a full screen image and calm colors throughout. The homepage opens with a full screen image and contact details front and center before unfolding into a white background with a selection of relevant content areas.<\/p>\n<!-- \/wp:paragraph -->\n\n<!-- wp:paragraph -->\n<p>The template has been aimed at nursing and care homes and uses a number of flexible content areas, graphics and images to tell the story. There\u2019s also a modest parallax effect, some nice animations and information boxes to help engage readers, ideal for any business.<\/p>\n<!-- \/wp:paragraph -->\n\n<!-- wp:heading {\"UAGDay\":[]} -->\n<h2 class=\"wp-block-heading\">Key features of the Elderly Home template<\/h2>\n<!-- \/wp:heading -->\n\n<!-- wp:list -->\n<ul><!-- wp:list-item -->\n<li>Friendly, welcoming feel ideal for the elderly care niche<\/li>\n<!-- \/wp:list-item -->\n\n<!-- wp:list-item -->\n<li>Calm colors with a mixture of full page areas and white backgrounds<\/li>\n<!-- \/wp:list-item -->\n\n<!-- wp:list-item -->\n<li>Flexible content areas throughout<\/li>\n<!-- \/wp:list-item -->\n\n<!-- wp:list-item -->\n<li>Subtle page effects elevate the experience<\/li>\n<!-- \/wp:list-item -->\n\n<!-- wp:list-item -->\n<li>Full compatibility with leading page builders<\/li>\n<!-- \/wp:list-item --><\/ul>\n<!-- \/wp:list -->","post-excerpt":"Friendly and welcoming web template for nursing homes and elderly care","pages":{"id-47056":{"title":"Home","featured-image-url":"https:\/\/websitedemos.net\/wp-content\/uploads\/2020\/08\/elderly-care-02.jpg","thumbnail-image-url":"https:\/\/websitedemos.net\/wp-content\/uploads\/2020\/08\/elderly-care-02.jpg","astra-page-api-url":"https:\/\/websitedemos.net\/elderly-care-02\/wp-json\/wp\/v2\/pages\/6","dynamic-page":"no","astra-page-url":"\/\/websitedemos.net\/elderly-care-02\/","astra-sites-tag":{"423":"home"},"site-pages-type":"free","site-pages-page-builder":"elementor","site-pages-category":[],"site-pages-parent-category":{"139":"other"},"required-plugins":[{"slug":"elementor","init":"elementor\/elementor.php","name":"Elementor"},{"slug":"header-footer-elementor","init":"header-footer-elementor\/header-footer-elementor.php","name":"Ultimate Addons for Elementor Lite"},{"slug":"wpforms-lite","init":"wpforms-lite\/wpforms.php","name":"WPForms Lite"}]},"id-47053":{"title":"About","featured-image-url":"https:\/\/websitedemos.net\/wp-content\/uploads\/2020\/08\/elderly-care-02-about.jpg","thumbnail-image-url":"https:\/\/websitedemos.net\/wp-content\/uploads\/2020\/08\/elderly-care-02-about.jpg","astra-page-api-url":"https:\/\/websitedemos.net\/elderly-care-02\/wp-json\/wp\/v2\/pages\/10","dynamic-page":"no","astra-page-url":"\/\/websitedemos.net\/elderly-care-02\/about\/","astra-sites-tag":{"352":"about"},"site-pages-type":"free","site-pages-page-builder":"elementor","site-pages-category":[],"site-pages-parent-category":{"139":"other"},"required-plugins":[{"slug":"elementor","init":"elementor\/elementor.php","name":"Elementor"},{"slug":"header-footer-elementor","init":"header-footer-elementor\/header-footer-elementor.php","name":"Ultimate Addons for Elementor Lite"}]},"id-47057":{"title":"Services","featured-image-url":"https:\/\/websitedemos.net\/wp-content\/uploads\/2020\/08\/elderly-care-02-services.jpg","thumbnail-image-url":"https:\/\/websitedemos.net\/wp-content\/uploads\/2020\/08\/elderly-care-02-services.jpg","astra-page-api-url":"https:\/\/websitedemos.net\/elderly-care-02\/wp-json\/wp\/v2\/pages\/16","dynamic-page":"no","astra-page-url":"\/\/websitedemos.net\/elderly-care-02\/services\/","astra-sites-tag":{"425":"services"},"site-pages-type":"free","site-pages-page-builder":"elementor","site-pages-category":[],"site-pages-parent-category":{"139":"other"},"required-plugins":[{"slug":"elementor","init":"elementor\/elementor.php","name":"Elementor"},{"slug":"header-footer-elementor","init":"header-footer-elementor\/header-footer-elementor.php","name":"Ultimate Addons for Elementor Lite"}]},"id-47055":{"title":"Facilities","featured-image-url":"https:\/\/websitedemos.net\/wp-content\/uploads\/2020\/08\/elderly-care-02-facilities.jpg","thumbnail-image-url":"https:\/\/websitedemos.net\/wp-content\/uploads\/2020\/08\/elderly-care-02-facilities.jpg","astra-page-api-url":"https:\/\/websitedemos.net\/elderly-care-02\/wp-json\/wp\/v2\/pages\/19","dynamic-page":"no","astra-page-url":"\/\/websitedemos.net\/elderly-care-02\/facilities\/","astra-sites-tag":{"1599":"facilities"},"site-pages-type":"free","site-pages-page-builder":"elementor","site-pages-category":[],"site-pages-parent-category":{"139":"other"},"required-plugins":[{"slug":"elementor","init":"elementor\/elementor.php","name":"Elementor"},{"slug":"header-footer-elementor","init":"header-footer-elementor\/header-footer-elementor.php","name":"Ultimate Addons for Elementor Lite"}]},"id-47054":{"title":"Contact","featured-image-url":"https:\/\/websitedemos.net\/wp-content\/uploads\/2020\/08\/elderly-care-02-contact.jpg","thumbnail-image-url":"https:\/\/websitedemos.net\/wp-content\/uploads\/2020\/08\/elderly-care-02-contact.jpg","astra-page-api-url":"https:\/\/websitedemos.net\/elderly-care-02\/wp-json\/wp\/v2\/pages\/13","dynamic-page":"no","astra-page-url":"\/\/websitedemos.net\/elderly-care-02\/contact\/","astra-sites-tag":{"415":"contact","454":"contact-us","896":"get-connected","377":"get-in-touch"},"site-pages-type":"free","site-pages-page-builder":"elementor","site-pages-category":[],"site-pages-parent-category":{"139":"other"},"required-plugins":[{"slug":"elementor","init":"elementor\/elementor.php","name":"Elementor"},{"slug":"header-footer-elementor","init":"header-footer-elementor\/header-footer-elementor.php","name":"Ultimate Addons for Elementor Lite"},{"slug":"wpforms-lite","init":"wpforms-lite\/wpforms.php","name":"WPForms Lite"}]}},"related-bb-template":"","related-elementor-template":47052,"related-gutenberg-template":48519,"related_ecommerce_template":"","ecommerce_parent_template":""},"id-47084":{"title":"Horticulture","id":47084,"publish-date":1597154802,"featured-image-url":"https:\/\/websitedemos.net\/wp-content\/uploads\/2020\/08\/horticulture-02.jpg","thumbnail-image-url":"https:\/\/websitedemos.net\/wp-content\/uploads\/2020\/08\/horticulture-02.jpg","fullpage-thumbnail-image-url":"https:\/\/websitedemos.net\/wp-content\/uploads\/2020\/08\/horticulture-02.jpg","astra-site-url":"\/\/websitedemos.net\/horticulture-02","astra-site-parent-id":1600,"astra-sites-tag":{"1601":"agriculture","3416":"elementor","1603":"farm-products","632":"farming","1602":"horticulture"},"astra-sites-type":"free","astra-site-category":{"27":"business","39":"free"},"astra-sites-template-category":{"2777":"business","2830":"nature"},"astra-site-page-builder":"elementor","categories":{"3427":"default","3428":"free","2476":"gardening"},"required-plugins":[{"slug":"elementor","init":"elementor\/elementor.php","name":"Elementor"},{"slug":"wpforms-lite","init":"wpforms-lite\/wpforms.php","name":"WPForms Lite"},{"slug":"header-footer-elementor","init":"header-footer-elementor\/header-footer-elementor.php","name":"Ultimate Addons for Elementor Lite"}],"post-status":"publish","post-content":"<!-- wp:paragraph -->\n<p>The Horticulture template uses a standard business layout but elevates it with some great images, green contrast color and a nice layout. It\u2019s a calm design reminiscent of plants and growing and creates an atmosphere you want to indulge in for a little longer.<\/p>\n<!-- \/wp:paragraph -->\n\n<!-- wp:paragraph -->\n<p>The design starts with a full width image before opening out into a white background with flexible content areas to share products and services, tell your story, showcase reviews and anything else you might want. Everything can be customized to suit your particular needs.<\/p>\n<!-- \/wp:paragraph -->\n\n<!-- wp:heading -->\n<h2>Key features of the Horticulture template<\/h2>\n<!-- \/wp:heading -->\n\n<!-- wp:list -->\n<ul><li>Calming website template ideal for the horticulture niche<\/li><li>Laid back feel with flexible content areas<\/li><li>Can be easily customized to fit any industry<\/li><li>Readymade pages for a fully working website<\/li><li>Full compatibility with leading page builders<\/li><\/ul>\n<!-- \/wp:list -->","post-excerpt":"Calming web template ideal for growers, farmers and nursery businesses","pages":{"id-47086":{"title":"Home","featured-image-url":"https:\/\/websitedemos.net\/wp-content\/uploads\/2020\/08\/horticulture-02.jpg","thumbnail-image-url":"https:\/\/websitedemos.net\/wp-content\/uploads\/2020\/08\/horticulture-02.jpg","astra-page-api-url":"https:\/\/websitedemos.net\/horticulture-02\/wp-json\/wp\/v2\/pages\/14","dynamic-page":"no","astra-page-url":"\/\/websitedemos.net\/horticulture-02\/","astra-sites-tag":{"423":"home","814":"homepage"},"site-pages-type":"free","site-pages-page-builder":"elementor","site-pages-category":[],"site-pages-parent-category":{"60":"business","61":"free"},"required-plugins":[{"slug":"elementor","init":"elementor\/elementor.php","name":"Elementor"},{"slug":"header-footer-elementor","init":"header-footer-elementor\/header-footer-elementor.php","name":"Ultimate Addons for Elementor Lite"}]},"id-47087":{"title":"Our Farm","featured-image-url":"https:\/\/websitedemos.net\/wp-content\/uploads\/2020\/08\/horticulture-02-our-farm.jpg","thumbnail-image-url":"https:\/\/websitedemos.net\/wp-content\/uploads\/2020\/08\/horticulture-02-our-farm.jpg","astra-page-api-url":"https:\/\/websitedemos.net\/horticulture-02\/wp-json\/wp\/v2\/pages\/92","dynamic-page":"no","astra-page-url":"\/\/websitedemos.net\/horticulture-02\/our-farm\/","astra-sites-tag":{"352":"about","455":"about-us"},"site-pages-type":"free","site-pages-page-builder":"elementor","site-pages-category":[],"site-pages-parent-category":{"60":"business","61":"free"},"required-plugins":[{"slug":"elementor","init":"elementor\/elementor.php","name":"Elementor"},{"slug":"header-footer-elementor","init":"header-footer-elementor\/header-footer-elementor.php","name":"Ultimate Addons for Elementor Lite"}]},"id-47088":{"title":"Our Produce","featured-image-url":"https:\/\/websitedemos.net\/wp-content\/uploads\/2020\/08\/horticulture-02-our-produce.jpg","thumbnail-image-url":"https:\/\/websitedemos.net\/wp-content\/uploads\/2020\/08\/horticulture-02-our-produce.jpg","astra-page-api-url":"https:\/\/websitedemos.net\/horticulture-02\/wp-json\/wp\/v2\/pages\/119","dynamic-page":"no","astra-page-url":"\/\/websitedemos.net\/horticulture-02\/our-produce\/","astra-sites-tag":{"1606":"our-products","1605":"our-services","540":"products"},"site-pages-type":"free","site-pages-page-builder":"elementor","site-pages-category":[],"site-pages-parent-category":{"60":"business","61":"free"},"required-plugins":[{"slug":"elementor","init":"elementor\/elementor.php","name":"Elementor"},{"slug":"header-footer-elementor","init":"header-footer-elementor\/header-footer-elementor.php","name":"Ultimate Addons for Elementor Lite"}]},"id-47089":{"title":"Testimonial","featured-image-url":"https:\/\/websitedemos.net\/wp-content\/uploads\/2020\/08\/horticulture-02-testimonial.jpg","thumbnail-image-url":"https:\/\/websitedemos.net\/wp-content\/uploads\/2020\/08\/horticulture-02-testimonial.jpg","astra-page-api-url":"https:\/\/websitedemos.net\/horticulture-02\/wp-json\/wp\/v2\/pages\/137","dynamic-page":"no","astra-page-url":"\/\/websitedemos.net\/horticulture-02\/testimonial\/","astra-sites-tag":{"432":"review","433":"testimonials"},"site-pages-type":"free","site-pages-page-builder":"elementor","site-pages-category":[],"site-pages-parent-category":{"60":"business","61":"free"},"required-plugins":[{"slug":"elementor","init":"elementor\/elementor.php","name":"Elementor"},{"slug":"header-footer-elementor","init":"header-footer-elementor\/header-footer-elementor.php","name":"Ultimate Addons for Elementor Lite"}]},"id-47085":{"title":"Contact Us","featured-image-url":"https:\/\/websitedemos.net\/wp-content\/uploads\/2020\/08\/horticulture-02-contact-us.jpg","thumbnail-image-url":"https:\/\/websitedemos.net\/wp-content\/uploads\/2020\/08\/horticulture-02-contact-us.jpg","astra-page-api-url":"https:\/\/websitedemos.net\/horticulture-02\/wp-json\/wp\/v2\/pages\/145","dynamic-page":"no","astra-page-url":"\/\/websitedemos.net\/horticulture-02\/contact-us\/","astra-sites-tag":{"415":"contact","454":"contact-us","896":"get-connected","377":"get-in-touch"},"site-pages-type":"free","site-pages-page-builder":"elementor","site-pages-category":[],"site-pages-parent-category":{"60":"business","61":"free"},"required-plugins":[{"slug":"elementor","init":"elementor\/elementor.php","name":"Elementor"},{"slug":"header-footer-elementor","init":"header-footer-elementor\/header-footer-elementor.php","name":"Ultimate Addons for Elementor Lite"},{"slug":"wpforms-lite","init":"wpforms-lite\/wpforms.php","name":"WPForms Lite"}]}},"related-bb-template":"","related-elementor-template":47084,"related-gutenberg-template":47723,"related_ecommerce_template":"","ecommerce_parent_template":""},"id-46988":{"title":"AppPlus","id":46988,"publish-date":1596732885,"featured-image-url":"https:\/\/websitedemos.net\/wp-content\/uploads\/2020\/08\/appplus-landing-page-04.jpg","thumbnail-image-url":"https:\/\/websitedemos.net\/wp-content\/uploads\/2020\/08\/appplus-landing-page-04-600x3298.jpg","fullpage-thumbnail-image-url":"https:\/\/websitedemos.net\/wp-content\/uploads\/2020\/08\/appplus-landing-page-04-400x2198.jpg","astra-site-url":"\/\/websitedemos.net\/app-landing-page-04","astra-site-parent-id":1581,"astra-sites-tag":{"1583":"app-landing-page","3416":"elementor","423":"home","850":"landing-page","1844":"premium","629":"product-landing-page"},"astra-sites-type":"agency-mini","astra-site-category":{"27":"business"},"astra-sites-template-category":{"2777":"business","2863":"landing-page","2881":"mobile-app","2771":"one-page"},"astra-site-page-builder":"elementor","categories":{"3427":"default","2927":"one-page","3429":"premium","2499":"technology"},"required-plugins":[{"slug":"elementor","init":"elementor\/elementor.php","name":"Elementor"}],"post-status":"publish","post-content":"<!-- wp:paragraph -->\n<p>The AppPlus template uses bold design to create that initial first impression with a modern feel reminiscent of technology such as apps. It\u2019s a full page design with instructive header with bold headline and app store links and alternating pink and purple colorway.<\/p>\n<!-- \/wp:paragraph -->\n\n<!-- wp:paragraph -->\n<p>This is a strong design and would work amazingly well for tech. The homepage has flexible content areas to tell your story as well as showcase the app. It can work with WooCommerce to sell merch and products and include those app store links for simple downloads.<\/p>\n<!-- \/wp:paragraph -->\n\n<!-- wp:heading {\"UAGDay\":[]} -->\n<h2 class=\"wp-block-heading\">Key features of the AppPlus template<\/h2>\n<!-- \/wp:heading -->\n\n<!-- wp:list -->\n<ul><!-- wp:list-item -->\n<li>Powerful web template ideal for tech and disruptive businesses<\/li>\n<!-- \/wp:list-item -->\n\n<!-- wp:list-item -->\n<li>Full page design keeps your attention throughout<\/li>\n<!-- \/wp:list-item -->\n\n<!-- wp:list-item -->\n<li>Flexible content areas to tell stories and promote products<\/li>\n<!-- \/wp:list-item -->\n\n<!-- wp:list-item -->\n<li>Create an online store or enable digital downloads<\/li>\n<!-- \/wp:list-item -->\n\n<!-- wp:list-item -->\n<li>Full compatibility with leading page builders<\/li>\n<!-- \/wp:list-item --><\/ul>\n<!-- \/wp:list -->","post-excerpt":"Powerful web template tailor made for tech, apps and modern business websites","pages":{"id-46989":{"title":"Landing Page","featured-image-url":"https:\/\/websitedemos.net\/wp-content\/uploads\/2020\/08\/appplus-landing-page-04.jpg","thumbnail-image-url":"https:\/\/websitedemos.net\/wp-content\/uploads\/2020\/08\/appplus-landing-page-04-600x3298.jpg","astra-page-api-url":"https:\/\/websitedemos.net\/app-landing-page-04\/wp-json\/wp\/v2\/pages\/6","dynamic-page":"no","astra-page-url":"\/\/websitedemos.net\/app-landing-page-04\/","astra-sites-tag":{"1582":"download-page","850":"landing-page","629":"product-landing-page"},"site-pages-type":"agency-mini","site-pages-page-builder":"elementor","site-pages-category":[],"site-pages-parent-category":{"60":"business"},"required-plugins":[{"slug":"elementor","init":"elementor\/elementor.php","name":"Elementor"}]}},"related-bb-template":"","related-elementor-template":46988,"related-gutenberg-template":85763,"related_ecommerce_template":"","ecommerce_parent_template":""},"id-19579":{"title":"BBQ Restaurant","id":19579,"publish-date":1540186022,"featured-image-url":"https:\/\/websitedemos.net\/wp-content\/uploads\/2019\/07\/bbq-restaurant-01-home.jpg","thumbnail-image-url":"https:\/\/websitedemos.net\/wp-content\/uploads\/2019\/07\/bbq-restaurant-01-home.jpg","fullpage-thumbnail-image-url":"https:\/\/websitedemos.net\/wp-content\/uploads\/2019\/07\/bbq-restaurant-01-home.jpg","astra-site-url":"\/\/websitedemos.net\/bbq-restaurant-01","astra-site-parent-id":84,"astra-sites-tag":{"566":"bbq-restaurant","562":"bistro","972":"club","560":"cuisine","561":"eatery","336":"food","350":"hotel","559":"outlet","335":"restaurant","970":"restro","971":"restro-bar"},"astra-sites-type":"free","astra-site-category":{"27":"business","39":"free"},"astra-sites-template-category":[],"astra-site-page-builder":"beaver-builder","categories":{"2496":"restaurant-food"},"required-plugins":[{"slug":"beaver-builder-lite-version","init":"beaver-builder-lite-version\/fl-builder.php","name":"Beaver Builder Plugin (Lite Version)"},{"slug":"ultimate-addons-for-beaver-builder-lite","init":"ultimate-addons-for-beaver-builder-lite\/bb-ultimate-addon.php","name":"Ultimate Addons for Beaver Builder - Lite"},{"slug":"wpforms-lite","init":"wpforms-lite\/wpforms.php","name":"WPForms Lite"}],"post-status":"publish","post-content":"","post-excerpt":"","pages":{"id-22694":{"title":"Home","featured-image-url":"https:\/\/websitedemos.net\/wp-content\/uploads\/2019\/07\/bbq-restaurant-01-home.jpg","thumbnail-image-url":"https:\/\/websitedemos.net\/wp-content\/uploads\/2019\/07\/bbq-restaurant-01-home.jpg","astra-page-api-url":"https:\/\/websitedemos.net\/bbq-restaurant-01\/wp-json\/wp\/v2\/pages\/6","dynamic-page":"no","astra-page-url":"\/\/websitedemos.net\/bbq-restaurant-01\/","astra-sites-tag":{"423":"home"},"site-pages-type":"free","site-pages-page-builder":"beaver-builder","site-pages-category":[],"site-pages-parent-category":{"60":"business","61":"free"},"required-plugins":[{"slug":"beaver-builder-lite-version","init":"beaver-builder-lite-version\/fl-builder.php","name":"Beaver Builder Plugin (Lite Version)"},{"slug":"ultimate-addons-for-beaver-builder-lite","init":"ultimate-addons-for-beaver-builder-lite\/bb-ultimate-addon.php","name":"Ultimate Addons for Beaver Builder - Lite"}]},"id-22691":{"title":"About Us","featured-image-url":"https:\/\/websitedemos.net\/wp-content\/uploads\/2019\/07\/bbq-restaurant-01-about.jpg","thumbnail-image-url":"https:\/\/websitedemos.net\/wp-content\/uploads\/2019\/07\/bbq-restaurant-01-about.jpg","astra-page-api-url":"https:\/\/websitedemos.net\/bbq-restaurant-01\/wp-json\/wp\/v2\/pages\/7","dynamic-page":"no","astra-page-url":"\/\/websitedemos.net\/bbq-restaurant-01\/about-us\/","astra-sites-tag":{"352":"about"},"site-pages-type":"free","site-pages-page-builder":"beaver-builder","site-pages-category":[],"site-pages-parent-category":{"60":"business","61":"free"},"required-plugins":[{"slug":"beaver-builder-lite-version","init":"beaver-builder-lite-version\/fl-builder.php","name":"Beaver Builder Plugin (Lite Version)"},{"slug":"ultimate-addons-for-beaver-builder-lite","init":"ultimate-addons-for-beaver-builder-lite\/bb-ultimate-addon.php","name":"Ultimate Addons for Beaver Builder - Lite"}]},"id-22695":{"title":"Menu","featured-image-url":"https:\/\/websitedemos.net\/wp-content\/uploads\/2019\/07\/bbq-restaurant-01-menu.jpg","thumbnail-image-url":"https:\/\/websitedemos.net\/wp-content\/uploads\/2019\/07\/bbq-restaurant-01-menu.jpg","astra-page-api-url":"https:\/\/websitedemos.net\/bbq-restaurant-01\/wp-json\/wp\/v2\/pages\/8","dynamic-page":"no","astra-page-url":"\/\/websitedemos.net\/bbq-restaurant-01\/menu\/","astra-sites-tag":{"565":"menu"},"site-pages-type":"free","site-pages-page-builder":"beaver-builder","site-pages-category":[],"site-pages-parent-category":{"60":"business","61":"free"},"required-plugins":[{"slug":"beaver-builder-lite-version","init":"beaver-builder-lite-version\/fl-builder.php","name":"Beaver Builder Plugin (Lite Version)"},{"slug":"ultimate-addons-for-beaver-builder-lite","init":"ultimate-addons-for-beaver-builder-lite\/bb-ultimate-addon.php","name":"Ultimate Addons for Beaver Builder - Lite"}]},"id-22693":{"title":"Contact Us","featured-image-url":"https:\/\/websitedemos.net\/wp-content\/uploads\/2019\/07\/bbq-restaurant-01-contact.jpg","thumbnail-image-url":"https:\/\/websitedemos.net\/wp-content\/uploads\/2019\/07\/bbq-restaurant-01-contact.jpg","astra-page-api-url":"https:\/\/websitedemos.net\/bbq-restaurant-01\/wp-json\/wp\/v2\/pages\/9","dynamic-page":"no","astra-page-url":"\/\/websitedemos.net\/bbq-restaurant-01\/contact-us\/","astra-sites-tag":{"415":"contact"},"site-pages-type":"free","site-pages-page-builder":"beaver-builder","site-pages-category":[],"site-pages-parent-category":{"60":"business","61":"free"},"required-plugins":[{"slug":"beaver-builder-lite-version","init":"beaver-builder-lite-version\/fl-builder.php","name":"Beaver Builder Plugin (Lite Version)"},{"slug":"ultimate-addons-for-beaver-builder-lite","init":"ultimate-addons-for-beaver-builder-lite\/bb-ultimate-addon.php","name":"Ultimate Addons for Beaver Builder - Lite"},{"slug":"wpforms-lite","init":"wpforms-lite\/wpforms.php","name":"WPForms Lite"}]}},"related-bb-template":"","related-elementor-template":"","related-gutenberg-template":"","related_ecommerce_template":"","ecommerce_parent_template":""},"id-45850":{"title":"School &amp; Kindergarten","id":45850,"publish-date":1586952785,"featured-image-url":"https:\/\/websitedemos.net\/wp-content\/uploads\/2020\/04\/school-kindergarten-04.jpg","thumbnail-image-url":"https:\/\/websitedemos.net\/wp-content\/uploads\/2020\/04\/school-kindergarten-04.jpg","fullpage-thumbnail-image-url":"https:\/\/websitedemos.net\/wp-content\/uploads\/2020\/04\/school-kindergarten-04.jpg","astra-site-url":"\/\/websitedemos.net\/school-kindergarten-04","astra-site-parent-id":1487,"astra-sites-tag":{"459":"education","3416":"elementor","1490":"kids","617":"kindergarten","460":"learning","1844":"premium","456":"school"},"astra-sites-type":"agency-mini","astra-site-category":{"27":"business"},"astra-sites-template-category":{"2777":"business","2772":"education","2862":"preschool-kindergarten","2782":"school"},"astra-site-page-builder":"elementor","categories":{"3427":"default","2491":"educational-institutes","3429":"premium"},"required-plugins":[{"slug":"elementor","init":"elementor\/elementor.php","name":"Elementor"},{"slug":"wpforms-lite","init":"wpforms-lite\/wpforms.php","name":"WPForms Lite"}],"post-status":"publish","post-content":"<!-- wp:paragraph -->\n<p>The School &amp; Kindergarten website template is a bright and energetic design that reflects its target market. It\u2019s friendly, vibrant and inclusive, exactly what you want to see. Using bold colors, handwritten fonts and attractive graphics, it\u2019s perfect for this niche.<\/p>\n<!-- \/wp:paragraph -->\n\n<!-- wp:paragraph -->\n<p>The homepage uses bright colors and simple content areas with a few great images to tell the story. It includes areas for classes, testimonials, a gallery, FAQs and contact form, all the things you want to see on a business website. It\u2019s perfect for the learning industry!<\/p>\n<!-- \/wp:paragraph -->\n\n<!-- wp:heading -->\n<h2>Key features of the School &amp; Kindergarten template<\/h2>\n<!-- \/wp:heading -->\n\n<!-- wp:list -->\n<ul><li>Bright, energetic design ideal for the target market<\/li><li>Full page design with colorful backgrounds and attractive fonts<\/li><li>Flexible content areas configured to be instantly useful for the niche<\/li><li>Extra pages all reflect the core design<\/li><li>Full compatibility with leading page builders<\/li><\/ul>\n<!-- \/wp:list -->","post-excerpt":"Bright and energetic web template ideal for early learning and kindergartens","pages":{"id-45854":{"title":"Home","featured-image-url":"https:\/\/websitedemos.net\/wp-content\/uploads\/2020\/04\/school-kindergarten-04.jpg","thumbnail-image-url":"https:\/\/websitedemos.net\/wp-content\/uploads\/2020\/04\/school-kindergarten-04.jpg","astra-page-api-url":"https:\/\/websitedemos.net\/school-kindergarten-04\/wp-json\/wp\/v2\/pages\/6","dynamic-page":"no","astra-page-url":"\/\/websitedemos.net\/school-kindergarten-04\/","astra-sites-tag":{"423":"home"},"site-pages-type":"agency-mini","site-pages-page-builder":"elementor","site-pages-category":[],"site-pages-parent-category":{"60":"business"},"required-plugins":[{"slug":"elementor","init":"elementor\/elementor.php","name":"Elementor"}]},"id-45851":{"title":"About Us","featured-image-url":"https:\/\/websitedemos.net\/wp-content\/uploads\/2020\/03\/school-kindergarten-03-wip-about-us.jpg","thumbnail-image-url":"https:\/\/websitedemos.net\/wp-content\/uploads\/2020\/03\/school-kindergarten-03-wip-about-us.jpg","astra-page-api-url":"https:\/\/websitedemos.net\/school-kindergarten-04\/wp-json\/wp\/v2\/pages\/9","dynamic-page":"no","astra-page-url":"\/\/websitedemos.net\/school-kindergarten-04\/about-us\/","astra-sites-tag":{"352":"about"},"site-pages-type":"agency-mini","site-pages-page-builder":"elementor","site-pages-category":[],"site-pages-parent-category":{"60":"business"},"required-plugins":[{"slug":"elementor","init":"elementor\/elementor.php","name":"Elementor"}]},"id-45855":{"title":"Parent Info","featured-image-url":"https:\/\/websitedemos.net\/wp-content\/uploads\/2020\/03\/school-kindergarten-03-wip-parent-info.jpg","thumbnail-image-url":"https:\/\/websitedemos.net\/wp-content\/uploads\/2020\/03\/school-kindergarten-03-wip-parent-info.jpg","astra-page-api-url":"https:\/\/websitedemos.net\/school-kindergarten-04\/wp-json\/wp\/v2\/pages\/20","dynamic-page":"no","astra-page-url":"\/\/websitedemos.net\/school-kindergarten-04\/parent-info\/","astra-sites-tag":{"1489":"information","1488":"parent"},"site-pages-type":"agency-mini","site-pages-page-builder":"elementor","site-pages-category":[],"site-pages-parent-category":{"60":"business"},"required-plugins":[{"slug":"elementor","init":"elementor\/elementor.php","name":"Elementor"}]},"id-45852":{"title":"Classes","featured-image-url":"https:\/\/websitedemos.net\/wp-content\/uploads\/2020\/03\/school-kindergarten-03-wip-classes.jpg","thumbnail-image-url":"https:\/\/websitedemos.net\/wp-content\/uploads\/2020\/03\/school-kindergarten-03-wip-classes.jpg","astra-page-api-url":"https:\/\/websitedemos.net\/school-kindergarten-04\/wp-json\/wp\/v2\/pages\/16","dynamic-page":"no","astra-page-url":"\/\/websitedemos.net\/school-kindergarten-04\/classes\/","astra-sites-tag":{"557":"classes"},"site-pages-type":"agency-mini","site-pages-page-builder":"elementor","site-pages-category":[],"site-pages-parent-category":{"60":"business"},"required-plugins":[{"slug":"elementor","init":"elementor\/elementor.php","name":"Elementor"}]},"id-45856":{"title":"Reviews","featured-image-url":"https:\/\/websitedemos.net\/wp-content\/uploads\/2020\/03\/school-kindergarten-03-wip-review.jpg","thumbnail-image-url":"https:\/\/websitedemos.net\/wp-content\/uploads\/2020\/03\/school-kindergarten-03-wip-review.jpg","astra-page-api-url":"https:\/\/websitedemos.net\/school-kindergarten-04\/wp-json\/wp\/v2\/pages\/18","dynamic-page":"no","astra-page-url":"\/\/websitedemos.net\/school-kindergarten-04\/reviews\/","astra-sites-tag":{"432":"review","433":"testimonials"},"site-pages-type":"agency-mini","site-pages-page-builder":"elementor","site-pages-category":[],"site-pages-parent-category":{"60":"business"},"required-plugins":[{"slug":"elementor","init":"elementor\/elementor.php","name":"Elementor"}]},"id-45853":{"title":"Contact","featured-image-url":"https:\/\/websitedemos.net\/wp-content\/uploads\/2020\/03\/school-kindergarten-03-wip-contact.jpg","thumbnail-image-url":"https:\/\/websitedemos.net\/wp-content\/uploads\/2020\/03\/school-kindergarten-03-wip-contact.jpg","astra-page-api-url":"https:\/\/websitedemos.net\/school-kindergarten-04\/wp-json\/wp\/v2\/pages\/11","dynamic-page":"no","astra-page-url":"\/\/websitedemos.net\/school-kindergarten-04\/contact\/","astra-sites-tag":{"415":"contact"},"site-pages-type":"agency-mini","site-pages-page-builder":"elementor","site-pages-category":[],"site-pages-parent-category":{"60":"business"},"required-plugins":[{"slug":"elementor","init":"elementor\/elementor.php","name":"Elementor"},{"slug":"wpforms-lite","init":"wpforms-lite\/wpforms.php","name":"WPForms Lite"}]}},"related-bb-template":45870,"related-elementor-template":45850,"related-gutenberg-template":86245,"related_ecommerce_template":"","ecommerce_parent_template":""}}